Suburb,Actual_Price_2025,Predicted_Price_2025,Prediction_Error,Error_Percent,Absolute_Error,Historical_Growth_Rate,Forecast_Price_2026,Forecast_2026_Lower,Forecast_2026_Upper,Median_Income,Crime_Rate,Education_Rate,Employment_Rate,Risk_Score,Population
ABERFOYLE PARK,880000.0,883595.5480627684,-3595.5480627684155,-0.4085850071327745,3595.5480627684155,13.650793650793648,1004213.3530364161,967079.1788394717,1041347.5272333606,783.0,154.51713395638632,0.46675567423230974,0.6111946712505372,2.354514326556888,11234.0
ADELAIDE,1130000.0,1144342.1887839425,-14342.188783942489,-1.269220246366592,14342.188783942489,1.8168863555397219,1165133.5858726425,1127999.4116756981,1202267.7600695868,726.0,2619.293523045652,0.7148821622809427,0.5286210892236385,24.53072138001385,18202.0
ALBERT PARK,980000.0,945632.5447543199,34367.45524568006,3.5068831883347,34367.45524568006,16.48351648351648,1101506.0411423945,1064371.8669454502,1138640.2153393389,752.0,323.4138124649074,0.4587310499719259,0.636963696369637,3.482832083714377,1780.0
ALBERTON,976900.0,936445.3537753981,40454.64622460189,4.1411246007372196,40454.64622460189,3.6062271062271045,970215.6999582509,933081.5257613064,1007349.8741551953,779.0,659.3229446534122,0.4588930682428802,0.605625,6.383867853502183,1860.0
ALDGATE,1420000.0,1458631.0902789168,-38631.09027891676,-2.720499315416673,38631.09027891676,10.154905335628227,1606753.6966927825,1569619.522495838,1643887.8708897268,995.0,86.69354838709678,0.5771889400921659,0.6257163323782235,1.5529939645632491,3471.0
ALDINGA BEACH,800000.0,790568.0462318405,9431.953768159496,1.178994221019937,9431.953768159496,17.794486215538846,931245.5682430202,894111.3940460758,968379.7424399647,658.0,230.78365204349458,0.35948631421072363,0.5571479331990998,3.435934834405395,10667.0
ALLENBY GARDENS,1200000.0,1194353.4265742102,5646.573425789829,0.4705477854824858,5646.573425789829,8.64787386526517,1297639.6044098204,1260505.430212876,1334773.7786067647,796.0,267.8396871945259,0.5263929618768328,0.6456647398843931,3.2627266104137362,2045.0
ANDREWS FARM,707500.0,714016.2102898116,-6516.210289811599,-0.921019122234855,6516.210289811599,22.334368530020704,873487.2220600258,836353.0478630813,910621.3962569702,772.0,315.7471264367816,0.32114942528735635,0.6356327383823765,4.61935858437532,8699.0
ANGLE PARK,900000.0,924536.8523329722,-24536.852332972223,-2.7263169258858024,24536.852332972223,13.633581577235475,1050584.3383073932,1013450.1641104488,1087718.5125043376,516.0,923.521850899743,0.4106683804627249,0.441469013006886,10.311205255801616,1555.0
ANGLE VALE,787500.0,810746.4549230534,-23246.45492305339,-2.9519307838797952,23246.45492305339,7.665505226480837,872894.2667986882,835760.0926017438,910028.4409956327,894.0,583.90918065153,0.34995064165844025,0.6938255887969447,5.399507408589137,4051.0
ASCOT PARK,1121000.0,1130159.0488206595,-9159.048820659518,-0.8170427137073613,9159.048820659518,21.12422286085758,1368896.3649756839,1331762.1907787395,1406030.5391726282,783.0,405.12677626079693,0.5592086932293118,0.6231319038336582,4.759344430048023,3588.0
ASHTON,1205000.0,1244021.1927430967,-39021.19274309673,-3.238273256688526,39021.19274309673,,,,,944.0,85.06224066390041,0.5746887966804979,0.6155660377358491,1.9294881539287398,481.0
ATHELSTONE,1085000.0,1086866.0933540587,-1866.0933540586848,-0.17199017088098476,1866.0933540586848,16.714285714285715,1268527.9975289514,1231393.823332007,1305662.1717258957,829.0,94.04290772755677,0.5169756300770673,0.6368944099378882,1.7638402746283577,9601.0
ATHOL PARK,906500.0,910390.2973184166,-3890.2973184166476,-0.42915579905313267,3890.2973184166476,21.193737769080233,1103336.029607232,1066201.8554102876,1140470.2038041763,650.0,468.87351778656125,0.45849802371541504,0.5712538226299694,5.707112065406868,2023.0
AULDANA,2118000.0,2063050.9277189225,54949.072281077504,2.59438490467788,54949.072281077504,-1.9860627177700352,2022077.4423948883,1984943.268197944,2059211.6165918326,1048.0,106.34920634920634,0.6111111111111112,0.5877862595419847,1.7757257352513571,629.0
BALHANNAH,1550000.0,1407935.1915624863,142064.80843751365,9.165471512097655,142064.80843751365,,,,,843.0,110.41548093340923,0.45304496300512237,0.6089074460681977,1.3893909559459265,1756.0
BANKSIA PARK,880000.0,854570.6230225272,25429.3769774728,2.8897019292582726,25429.3769774728,15.328958438499074,985567.3986532729,948433.2244563284,1022701.5728502173,794.0,126.97938452345383,0.4263519569763968,0.6146449704142012,1.9465256866128506,3346.0
BASKET RANGE,1050000.0,1054925.169803246,-4925.169803245924,-0.4690637907853261,4925.169803245924,,,,,892.0,123.2876712328767,0.4849315068493151,0.6354166666666666,1.8259615080029803,364.0
BEAUMONT,1975750.0,1994958.598816291,-19208.598816290963,-0.9722180850963413,19208.598816290963,15.269259536275241,2299574.0049107904,2262439.830713846,2336708.179107735,1096.0,125.54904831625183,0.6277452415812591,0.6013363028953229,1.9046837455226062,2731.0
BEDFORD PARK,1120000.0,1207592.501690955,-87592.5016909549,-7.8207590795495445,87592.5016909549,25.220458553791882,1512152.8680786209,1475018.6938816765,1549287.0422755652,470.0,602.2304832713755,0.6744556558682953,0.4856486796785304,7.831191876358545,1882.0
BELAIR,1203250.0,1256875.911164817,-53625.911164816935,-4.4567555507847025,53625.911164816935,11.857686040195544,1405912.310625588,1368778.1364286437,1443046.4848225324,977.0,142.8268700995974,0.5838101292646747,0.5945809065586224,2.0177290985633154,4718.0
BELLEVUE HEIGHTS,1115000.0,1113973.9463076915,1026.0536923084874,0.09202275267340694,1026.0536923084874,15.810783453674336,1290101.9546887511,1252967.7804918068,1327236.1288856955,764.0,68.55879100626612,0.5399926280869886,0.5167318557149065,1.7028539292985594,2712.0
BEULAH PARK,1617500.0,1608692.9980574625,8807.001942537492,0.5444823457519316,8807.001942537492,10.885465297230004,1783806.7160999766,1746672.5419030322,1820940.890296921,1082.0,163.54556803995007,0.6067415730337079,0.7068965517241379,1.919261916680374,1601.0
BEVERLEY,895000.0,901884.6508667071,-6884.650866707088,-0.7692347337102892,6884.650866707088,11.41421392677674,1004827.6942893966,967693.5200924522,1041961.8684863411,816.0,521.2159594680177,0.4819506016466118,0.6453576864535768,6.050462006344091,1578.0
BIRDWOOD,685000.0,745276.4709167536,-60276.470916753635,-8.799484805365495,60276.470916753635,,,,,776.0,129.26652142338415,0.420479302832244,0.6360360360360361,1.8454611930328972,1376.0
BIRKENHEAD,950000.0,937366.7949714948,12633.205028505181,1.3298110556321243,12633.205028505181,18.337912087912088,1109260.2937746467,1072126.1195777024,1146394.467971591,858.0,363.5352973874374,0.44080044469149526,0.6579826319305278,4.235003120505191,1798.0
BLACK FOREST,1800000.0,1781384.9468837685,18615.05311623146,1.0341696175684143,18615.05311623146,15.754339118825097,2062030.3724275397,2024896.1982305953,2099164.546624484,894.0,300.5547150781644,0.5809379727685325,0.6403091557669441,3.7735786178040778,1982.0
BLACKWOOD,1100000.0,1114203.6109438401,-14203.610943840118,-1.2912373585309198,14203.610943840118,17.300789662598707,1306969.6340863137,1269835.4598893693,1344103.808283258,869.0,182.7982188891493,0.5345676119053199,0.6001129624399887,2.258657138614417,4266.0
BLAIR ATHOL,875500.0,858586.7961802657,16913.203819734277,1.9318336744413793,16913.203819734277,11.03238866396761,953309.4285523801,916175.2543554356,990443.6027493245,640.0,862.1800947867299,0.44644549763033176,0.53701989819528,9.623348810159776,5274.0
BLAKEVIEW,720000.0,737727.4928718836,-17727.492871883558,-2.4621517877616053,17727.492871883558,15.102040816326527,849139.3999586578,812005.2257617133,886273.5741556023,855.0,356.12472160356344,0.3700445434298441,0.6547565877623939,4.413649991474713,8979.0
BOWDEN,957500.0,1084397.7547316696,-126897.75473166956,-13.253029214795776,126897.75473166956,,,,,1056.0,754.5605306799337,0.6838032061912659,0.6662686567164179,7.262352321436703,1808.0
BRAHMA LODGE,735000.0,713116.9747551691,21883.025244830875,2.9772823462354934,21883.025244830875,26.6499582289056,903162.3506506571,866028.1764537126,940296.5248476015,521.0,408.7548062703342,0.31795326826382725,0.4676877101232723,5.989381366420223,3380.0
BRIDGEWATER,1060000.0,1070966.233340391,-10966.233340390958,-1.0345503151312223,10966.233340390958,12.339089481946626,1203113.715193695,1165979.5409967506,1240247.8893906393,962.0,69.08602150537635,0.5172043010752688,0.6854589205912685,1.3172189397625373,3719.0
BRIGHTON,1399000.0,1442828.0007382426,-43828.00073824264,-3.1328092021617326,43828.00073824264,8.477058249267817,1565137.3707975696,1528003.1966006253,1602271.544994514,875.0,537.4185136897001,0.5340286831812255,0.5628201265441398,5.104605078188707,3834.0
BROADVIEW,1180000.0,1208080.5866159918,-28080.58661599178,-2.3797107301687945,28080.58661599178,13.57733175914994,1372105.6957787299,1334971.5215817855,1409239.8699756742,897.0,386.6546843405976,0.5493147607279263,0.6579514824797844,4.366411557880518,4450.0
BROMPTON,1126500.0,1121846.8354408478,4653.16455915221,0.4130638756460018,4653.16455915221,16.193181818181817,1303509.5332253033,1266375.359028359,1340643.7074222476,856.0,764.8793565683646,0.5973190348525469,0.6155001501952538,7.677783234585664,3729.0
BROOKLYN PARK,1300000.0,1286399.005066062,13600.994933937909,1.0462303795336854,13600.994933937909,21.428571428571427,1562055.9347230752,1524921.760526131,1599190.1089200196,782.0,369.5695298551875,0.5338226542352708,0.630586592178771,4.34496132267342,5040.0
BURNSIDE,1911500.0,1911465.6648199647,34.33518003532663,0.001796242743150752,34.33518003532663,13.021428571428572,2160365.8010318787,2123231.626834934,2197499.9752288233,1033.0,118.58869650441032,0.597517151257759,0.6004056795131846,1.9970580798167512,3060.0
BURTON,736000.0,715057.0530282293,20942.946971770725,2.8455090994253704,20942.946971770725,15.166066426570625,823503.0806783688,786368.9064814243,860637.2548753133,653.0,347.85276073619633,0.34248466257668714,0.5824064711830131,4.855165342341913,6519.0
CAMDEN PARK,1180000.0,1168956.4372364497,11043.562763550319,0.9358951494534168,11043.562763550319,14.778325123152708,1341708.6200792748,1304574.4458823304,1378842.794276219,797.0,392.6325247079964,0.5450733752620545,0.6418118466898954,4.685902882452451,3338.0
CAMPBELLTOWN,1165000.0,1174955.1544694284,-9955.154469428351,-0.8545196969466395,9955.154469428351,16.836973218459896,1372782.03915636,1335647.8649594157,1409916.2133533044,713.0,252.37478411053544,0.5039939550949913,0.5570574473615805,3.4946906491027954,9263.0
CHELTENHAM,1027500.0,1048710.3919913461,-21210.391991346143,-2.064271726651693,21210.391991346143,15.367965367965366,1209875.84184283,1172741.6676458856,1247010.0160397743,766.0,311.5780062583818,0.47161376843987485,0.5963541666666666,3.654841891515158,2236.0
CHRISTIE DOWNS,716000.0,706077.3832880761,9922.616711923853,1.3858403228943927,9922.616711923853,22.375832053251404,864068.0727386082,826933.8985416638,901202.2469355527,493.0,830.5343511450382,0.2824427480916031,0.37857142857142856,10.051349547276706,5239.0
CHRISTIES BEACH,920000.0,921319.9654840097,-1319.9654840097064,-0.14347450913148982,1319.9654840097064,20.855614973262032,1113466.9101571455,1076332.7359602011,1150601.0843540898,641.0,698.8093241656884,0.392587623679356,0.5320972886762361,7.820780769288682,5962.0
CLAPHAM,1022000.0,1085760.4197328207,-63760.41973282071,-6.2387886235636705,63760.41973282071,8.706411698537682,1180291.1919345309,1143157.0177375865,1217425.3661314752,1029.0,132.26571767497035,0.5640569395017794,0.6711210096510765,1.6902919322329082,1685.0
CLARENCE GARDENS,1290000.0,1320585.9301584682,-30585.930158468196,-2.3710023378657517,30585.930158468196,13.301967493584263,1496249.841312995,1459115.6671160506,1533384.0155099393,979.0,226.6217354675653,0.537910699241786,0.6846318036286019,2.7114777811150512,2373.0
CLARENCE PARK,1226000.0,1218249.4172626012,7750.5827373987995,0.632184562593703,7750.5827373987995,2.876741093301601,1253295.2988679018,1216161.1246709574,1290429.4730648461,921.0,345.61865362918394,0.5863106430989093,0.6622965641952984,3.6066688765338575,2658.0
CLARENDON,1057500.0,1101632.8940357156,-44132.89403571561,-4.173323313070034,44132.89403571561,14.76648351648352,1264305.33374566,1227171.1595487157,1301439.5079426044,951.0,173.91304347826087,0.4937888198757764,0.6678966789667896,1.9450956058346145,643.0
CLEARVIEW,942500.0,930172.3550485794,12327.644951420603,1.3079729391427697,12327.644951420603,13.192419825072886,1052884.5972233557,1015750.4230264112,1090018.7714203,781.0,482.40262787423745,0.486391365556077,0.6131040616661726,5.519121342564924,4261.0
CLOVELLY PARK,978000.0,951294.9732253982,26705.026774601778,2.7305753348263577,26705.026774601778,9.394673123486683,1040666.0264000845,1003531.85220314,1077800.200597029,755.0,303.8055644387592,0.5359769747361689,0.6227799227799228,3.8904928261053047,3126.0
COLLEGE PARK,3300000.0,3328684.5340970447,-28684.53409704473,-0.8692283059710524,28684.53409704473,6.615342959431365,3548888.432065114,3511754.2578681693,3586022.6062620585,1170.0,281.74603174603175,0.6653439153439153,0.6366459627329193,2.9578590611832754,755.0
COLONEL LIGHT GARDENS,1662000.0,1684624.3557141232,-22624.35571412323,-1.3612729069869571,22624.35571412323,16.85245901639344,1968524.9848410278,1931390.8106440834,2005659.159037972,1042.0,125.0,0.5643115942028986,0.6980273141122914,1.8701381024884618,3311.0
COROMANDEL VALLEY,1150000.0,1170496.6711454524,-20496.67114545242,-1.782319230039341,20496.67114545242,12.211981566820274,1313437.5088659802,1276303.3346690359,1350571.6830629245,986.0,49.0755535265921,0.5261355854827665,0.6806237366445279,1.0615496504025712,4380.0
COWANDILLA,1000000.0,963741.2426394033,36258.757360596675,3.625875736059667,36258.757360596675,12.925170068027212,1088306.4372662648,1051172.2630693205,1125440.6114632091,589.0,298.0769230769231,0.49381868131868134,0.5164319248826291,3.8430646527902326,1455.0
CRAFERS,1362000.0,1426477.3305876323,-64477.330587632256,-4.7340183985045705,64477.330587632256,12.27693807898586,1601605.0691746464,1564470.894977702,1638739.2433715907,1066.0,117.09018435475835,0.5734927752864972,0.6451414514145142,1.864651701155676,2006.0
CRAFERS WEST,1276000.0,1354178.2632264178,-78178.26322641782,-6.126823136866601,78178.26322641782,14.752233031802927,1553949.7962836006,1516815.6220866563,1591083.970480545,1096.0,65.74923547400611,0.6001529051987767,0.6534195933456562,1.229593250490829,1307.0
CRAIGBURN FARM,1526000.0,1584278.7542438507,-58278.75424385071,-3.819053358050505,58278.75424385071,14.49316360207449,1813890.8660093197,1776756.6918123753,1851025.040206264,1133.0,62.58064516129032,0.552258064516129,0.6645082962363416,1.0833600756376942,3099.0
CRAIGMORE,727000.0,705279.4376001327,21720.56239986734,2.987697716625494,21720.56239986734,19.001831501831504,839295.4479499747,802161.2737530302,876429.6221469191,682.0,239.1264619883041,0.32090643274853803,0.5755860953920776,3.5950060523442877,10943.0
CROYDON,1545500.0,1550921.6762621314,-5421.6762621314265,-0.3508040286076627,5421.6762621314265,15.550193050193046,1792092.990978183,1754958.8167812387,1829227.1651751273,811.0,458.64045864045863,0.5077805077805078,0.6310107948969578,4.6623912263684835,1220.0
CROYDON PARK,1050000.0,1052175.9262162496,-2175.926216249587,-0.2072310682142464,2175.926216249587,16.642120765832104,1227280.3145261703,1190146.140329226,1264414.4887231146,648.0,401.79626565823685,0.49137319782557315,0.5643620011242271,5.091770695874642,4230.0
CUMBERLAND PARK,1601000.0,1604082.7086203145,-3082.7086203144863,-0.19254894567860625,3082.7086203144863,16.71588323570703,1872219.301197453,1835085.1270005086,1909353.4753943973,920.0,389.9688958009331,0.5583203732503889,0.6708920187793427,4.063850349317309,2571.0
DARLINGTON,980000.0,1015276.0023674432,-35276.00236744317,-3.5995920783105277,35276.00236744317,21.157323688969257,1230081.2325247503,1192947.058327806,1267215.4067216946,752.0,604.23197492163,0.5023510971786834,0.5937211449676824,6.617762488285719,1275.0
DAVOREN PARK,638750.0,675272.8104102174,-36522.81041021738,-5.71785681568961,36522.81041021738,27.764976958525345,862762.1506278008,825627.9764308564,899896.3248247453,486.0,927.5770373846394,0.23244173314562802,0.37198364008179957,12.624778676667495,6392.0
DAW PARK,1870000.0,1840446.2776499696,29553.72235003044,1.5804129598946761,29553.72235003044,24.942311726452694,2299496.1253793202,2262361.9511823757,2336630.299576265,797.0,169.25351071692535,0.5280857354028086,0.6190057193136823,2.5365187228682404,2705.0
DERNANCOURT,990000.0,1003496.4796149982,-13496.479614998214,-1.3632807691917388,13496.479614998214,13.719943422913719,1141175.6288691068,1104041.4546721624,1178309.803066051,801.0,220.96456692913387,0.5127952755905512,0.5931358169551189,2.694641340680717,4063.0
DEVON PARK,1073500.0,1095633.666152455,-22133.666152454913,-2.0618226504382777,22133.666152454913,22.44653550042772,1341565.4659800034,1304431.291783059,1378699.6401769477,851.0,663.575042158516,0.5320404721753794,0.6320939334637965,6.809071526535053,1185.0
DIREK,775000.0,846924.9941804744,-71924.99418047443,-9.280644410383797,71924.99418047443,52.81385281385282,1294218.7140506818,1257084.5398537375,1331352.8882476261,895.0,563.457330415755,0.3730853391684901,0.730829420970266,5.59018385762323,913.0
DOVER GARDENS,1040000.0,998950.9533863069,41049.04661369312,3.947023712855108,41049.04661369312,12.875424392791851,1127570.1281106342,1090435.9539136898,1164704.3023075785,728.0,247.79627815866797,0.4841658504733921,0.5809968847352025,3.426784597721065,3062.0
DRY CREEK,688000.0,693551.1787161508,-5551.178716150811,-0.8068573715335481,5551.178716150811,18.476190476190478,821693.0155456112,784558.8413486667,858827.1897425556,618.0,4763.948497854077,0.45493562231759654,0.5217391304347826,42.85660125126584,232.0
DUDLEY PARK,820000.0,846907.7382473291,-26907.738247329136,-3.281431493576724,26907.738247329136,,,,,460.0,609.5380029806258,0.42921013412816694,0.4463667820069204,7.291691790628366,670.0
DULWICH,2150000.0,2122989.4688820783,27010.531117921695,1.2563037729265905,27010.531117921695,10.285714285714286,2341354.099967092,2304219.9257701472,2378488.2741640364,1036.0,202.40963855421688,0.6325301204819277,0.6205621301775148,2.901022654638156,1659.0
EASTWOOD,1390000.0,1394658.4117548228,-4658.411754822824,-0.3351375363181888,4658.411754822824,,,,,1072.0,775.5960729312764,0.6479663394109397,0.6350931677018633,7.706508335167933,712.0
EDEN HILLS,1177500.0,1165902.7150630825,11597.28493691748,0.9849074256405503,11597.28493691748,16.298701298701303,1355929.7160246628,1318795.5418277185,1393063.8902216072,866.0,150.28136378682555,0.5643826547500828,0.6334805299076676,2.229445829676791,3020.0
EDWARDSTOWN,1161250.0,1170619.82652472,-9369.826524720062,-0.8068741894269159,9369.826524720062,16.86787391012743,1368078.5028298623,1330944.328632918,1405212.6770268066,744.0,870.4318936877077,0.520265780730897,0.5938967136150235,8.941666535728,4514.0
ELIZABETH,667000.0,661972.3507039112,5027.649296088843,0.7537705091587471,5027.649296088843,26.072487444787317,834565.0087291519,797430.8345322075,871699.1829260964,452.0,8118.955512572534,0.27949709864603484,0.34638196915776986,73.42314443433425,1033.0
ELIZABETH DOWNS,635000.0,657117.5855669929,-22117.58556699287,-3.4830843412587202,22117.58556699287,30.291330291330286,856167.2438135056,819033.0696165612,893301.4180104501,494.0,743.2668087579926,0.23968223212555706,0.3773067331670823,10.948850116139917,5160.0
ELIZABETH EAST,681000.0,703786.6694926627,-22786.66949266265,-3.346060131081153,22786.66949266265,29.935064935064933,914465.666009622,877331.4918126776,951599.8402065665,481.0,676.8663194444445,0.2484809027777778,0.37567567567567567,9.649111754728645,4607.0
ELIZABETH GROVE,615000.0,615045.8045525815,-45.80455258151051,-0.007447894728700896,45.80455258151051,26.578073089701,778513.1280217061,741378.9538247617,815647.3022186506,453.0,695.1026856240127,0.21682464454976302,0.328492739108663,10.520093022567078,2531.0
ELIZABETH NORTH,625000.0,657412.6663915141,-32412.666391514125,-5.1860266226422596,32412.666391514125,28.2312925170068,843008.7592843565,805874.585087412,880142.933481301,485.0,755.9208693229313,0.25494566731680135,0.3511555708865126,11.413614743510651,3588.0
ELIZABETH PARK,637000.0,625664.7979096293,11335.202090370702,1.7794665761963424,11335.202090370702,26.52146060217809,791600.2407889289,754466.0665919845,828734.4149858734,486.0,617.2951004741477,0.2623617069315873,0.38466042154566743,9.00591381834957,4428.0
ELIZABETH SOUTH,620000.0,688478.0858121789,-68478.0858121789,-11.044852550351436,68478.0858121789,27.891156462585034,880502.5859366643,843368.4117397198,917636.7601336087,457.0,1390.5930470347648,0.23551465576005454,0.3116098403107467,17.478148958779403,2933.0
ELIZABETH VALE,685000.0,728620.9355624813,-43620.93556248129,-6.368019790143253,43620.93556248129,27.71305947271613,930544.0887655725,893409.9145686281,967678.262962517,468.0,863.8042474607571,0.24469067405355494,0.32068366164542295,11.646795383203616,4331.0
ENFIELD,993000.0,982293.7849005223,10706.215099477675,1.0781686907832502,10706.215099477675,18.13877551020408,1160469.8493943152,1123335.6751973708,1197604.0235912595,696.0,439.00080580177274,0.48348106365834004,0.5757038787162827,5.489791964196744,6204.0
ERINDALE,2000000.0,2037796.7824913976,-37796.78249139758,-1.889839124569879,37796.78249139758,8.123249299719888,2203332.0953548444,2166197.9211579,2240466.269551789,915.0,141.51747655583975,0.6410912190963342,0.599802371541502,2.0968884576489275,1172.0
ETHELTON,930000.0,931405.4365767282,-1405.4365767282434,-0.15112221255142402,1405.4365767282434,15.874817577428248,1079264.350539533,1042130.1763425885,1116398.5247364773,787.0,340.72580645161287,0.42473118279569894,0.5862619808306709,4.556160352909395,1487.0
EVANDALE,1232500.0,1271074.9932490098,-38574.99324900983,-3.129816896471386,38574.99324900983,5.722402597402598,1343811.021677626,1306676.8474806817,1380945.1958745704,896.0,324.87309644670046,0.5830311820159536,0.648228176318064,3.764913687227816,1378.0
EVANSTON,700000.0,660291.871629236,39708.12837076397,5.672589767251996,39708.12837076397,19.498069498069498,789036.0396496083,751901.8654526639,826170.2138465528,604.0,633.8628438589694,0.3219682293684618,0.4955419990614735,7.5230803391811545,2580.0
EVANSTON GARDENS,667500.0,659807.8804639804,7692.119536019629,1.1523774585797195,7692.119536019629,21.163037705788636,799443.2709923373,762309.0967953928,836577.4451892817,791.0,359.4548551959114,0.3649914821124361,0.6306913996627319,4.891220604331093,2347.0
EVANSTON PARK,767500.0,753269.7067161826,14230.293283817358,1.8541098741130106,14230.293283817358,14.682015474617858,863864.881621861,826730.7074249166,900999.0558188055,713.0,212.8162686214235,0.36769921967368174,0.579731308411215,2.9571805101013107,4228.0
EVANSTON SOUTH,751250.0,747840.8207948244,3409.1792051756056,0.4538008925358543,3409.1792051756056,10.10551948051948,823414.0206235221,786279.8464265777,860548.1948204666,875.0,249.34725848563968,0.4164490861618799,0.6694214876033058,2.8996253673049215,765.0
EXETER,1200000.0,1147743.8104937992,52256.18950620084,4.354682458850069,52256.18950620084,10.92436974789916,1273127.588110769,1235993.4139138246,1310261.7623077133,849.0,718.8378631677601,0.47891283973758203,0.6215351812366737,6.936599671020992,1066.0
EYRE,749000.0,779323.1158211962,-30323.115821196232,-4.048480082936747,30323.115821196232,22.93167701863354,958034.9756728644,920900.8014759199,995169.1498698088,921.0,633.7522441651705,0.4236983842010772,0.7364620938628159,6.262164669807779,1113.0
FAIRVIEW PARK,890000.0,900625.589365563,-10625.589365563006,-1.193886445568877,10625.589365563006,16.915063419962816,1052966.9789831617,1015832.8047862173,1090101.153180106,872.0,124.4397574479304,0.42657527023464276,0.6375,1.9254997809075278,3792.0
FELIXSTOW,1476250.0,1508108.099673756,-31858.099673755933,-2.158042314903027,31858.099673755933,17.30872124130551,1769142.3266638361,1732008.1524668918,1806276.5008607805,687.0,304.681194511703,0.5282485875706214,0.5182584269662921,3.80774228234394,2477.0
FERRYDEN PARK,902500.0,898366.9631572533,4133.03684274666,0.45795422080295406,4133.03684274666,14.05023547880691,1024589.6369446539,987455.4627477095,1061723.8111415983,548.0,362.0996441281139,0.4721975088967972,0.5316929660336989,4.913117158842943,4495.0
FINDON,1085000.0,1082525.9222858842,2474.077714115847,0.2280255957710458,2474.077714115847,15.958188153310106,1255277.4457726208,1218143.2715756765,1292411.6199695652,721.0,582.3092312089169,0.49642755072877964,0.601113172541744,5.89626121727314,6997.0
FIRLE,1184000.0,1220711.6840437944,-36711.684043794405,-3.1006489901853382,36711.684043794405,,,,,735.0,371.1066931742876,0.5745526838966203,0.6155660377358491,4.6576876994365985,1508.0
FLAGSTAFF HILL,1015500.0,1030603.0164391438,-15103.016439143801,-1.4872492800732449,15103.016439143801,14.15966386554622,1176532.9393551066,1139398.7651581622,1213667.113552051,844.0,72.85223367697596,0.5152675503190967,0.6372059871703493,1.5583999043811205,10184.0
FLINDERS PARK,1323000.0,1324278.8225385647,-1278.8225385646801,-0.09666081168289344,1278.8225385646801,16.825396825396822,1547093.9895053706,1509959.8153084263,1584228.163702315,786.0,254.82695810564664,0.4967213114754098,0.626129103326724,3.214992519283332,5489.0
FORESTVILLE,1503850.0,1515710.428764576,-11860.428764576092,-0.7886709954168363,11860.428764576092,10.113571834185121,1669002.891775917,1631868.7175789727,1706137.0659728614,1042.0,289.79300499643114,0.6202712348322627,0.6928270042194092,3.2644810083214315,1400.0
FREWVILLE,2312500.0,2316181.5507356753,-3681.550735675264,-0.15920219397514657,3681.550735675264,33.77014813466364,3098359.4914868623,3061225.3172899177,3135493.665683807,890.0,568.561872909699,0.5830546265328874,0.6426592797783933,6.3524450345420345,896.0
FULHAM,1581000.0,1607862.6410209145,-26862.64102091454,-1.6990917786789714,26862.64102091454,15.373792327173812,1855052.1043576822,1817917.9301607378,1892186.2785546265,812.0,360.4929818555289,0.4809996576514892,0.5890073831009024,3.789815391127025,2920.0
FULHAM GARDENS,1330000.0,1368552.2507322107,-38552.2507322107,-2.8986654685872706,38552.2507322107,14.611624117327537,1568519.9614584271,1531385.7872614828,1605654.1356553715,767.0,181.92881046547,0.47216306662610286,0.5771872740419378,2.6414591922261956,6573.0
FULLARTON,1756500.0,1797410.5049147354,-40910.504914735444,-2.3290922240099885,40910.504914735444,13.28885400313972,2036265.7627499513,1999131.588553007,2073399.9369468957,846.0,317.9293490335481,0.583203732503888,0.543910851684797,3.947425491516866,4500.0
GAWLER,635000.0,586482.9396996954,48517.060300304554,7.640481937055835,48517.060300304554,8.392857142857142,635705.6149959199,598571.4407989754,672839.7891928643,597.0,3091.18086696562,0.3991031390134529,0.42414355628058725,27.80753860228317,668.0
GAWLER EAST,760000.0,736216.3856339758,23783.61436602415,3.1294229428979143,23783.61436602415,11.140849782535964,818237.1472318728,781102.9730349283,855371.3214288172,776.0,175.7469244288225,0.38101933216168715,0.5537948290241869,2.5902785467919394,5689.0
GAWLER SOUTH,707500.0,676716.943854244,30783.05614575604,4.350961999400147,30783.05614575604,16.933259790402648,791307.1820027564,754173.0078058119,828441.3561997009,715.0,373.8067964872089,0.3818251240931653,0.5444887118193891,4.620042208962534,2618.0
GAWLER WEST,648000.0,617480.9320319864,30519.06796801358,4.709732711113207,30519.06796801358,18.195488721804512,729834.6053791599,692700.4311822155,766968.7795761044,545.0,473.3606557377049,0.27459016393442626,0.445409429280397,5.984261669124994,975.0
GILBERTON,4037900.0,4040453.0726920934,-2553.0726920934394,-0.06322773451778002,2553.0726920934394,36.5374449339207,5516731.389207874,5479597.21501093,5553865.563404819,1064.0,599.0843688685416,0.6540222367560498,0.5827814569536424,6.365144782511702,1528.0
GILLES PLAINS,875000.0,874222.1936888169,777.8063111831434,0.08889214984950211,777.8063111831434,17.26002703920685,1025113.1807022538,987979.0065053094,1062247.3548991983,678.0,578.4982935153583,0.46782057532910776,0.5630454408666867,6.464709964191187,4101.0
GILLMAN,1134000.0,1140905.0781411305,-6905.078141130507,-0.6089134163254416,6905.078141130507,37.80431786862655,1572216.4604609057,1535082.2862639613,1609350.63465785,612.0,3844.155844155844,0.35064935064935066,0.5671641791044776,32.30151721333812,76.0
GLANDORE,1386500.0,1413568.3428900256,-27068.342890025582,-1.9522786072863743,27068.342890025582,16.070060207991244,1640729.6266735569,1603595.4524766125,1677863.8008705012,799.0,494.7403024326101,0.5525969756738988,0.6302681992337165,5.201266568683934,3041.0
GLANVILLE,1035000.0,1011983.6386717858,23016.361328214174,2.2238030268805966,23016.361328214174,,,,,790.0,470.5075445816186,0.42935528120713307,0.6058158319870759,5.390640387594001,728.0
GLEN OSMOND,1605500.0,1593174.5379517672,12325.462048232788,0.7677024010110737,12325.462048232788,3.632812500000001,1651051.5817132962,1613917.407516352,1688185.7559102406,927.0,423.20185614849186,0.5758700696055684,0.5780979827089338,4.368990387518579,2154.0
GLENALTA,1020000.0,1039046.302349699,-19046.302349698963,-1.8672845440881336,19046.302349698963,15.151515151515152,1196477.5602814716,1159343.3860845272,1233611.734478416,945.0,65.68627450980392,0.5504901960784314,0.6236230110159119,1.3490719884090099,2039.0
GLENELG,2475000.0,2466966.5606577443,8033.439342255704,0.32458340776790723,8033.439342255704,24.14596273291925,3062639.387027743,3025505.2128307982,3099773.5612246874,915.0,1212.438244696309,0.5704736995059576,0.49703403059631596,11.323181979957631,3440.0
GLENELG EAST,1665500.0,1713108.8797153728,-47608.87971537281,-2.858533756551955,47608.87971537281,14.363120323385223,1959164.7693794884,1922030.595182544,1996298.9435764328,976.0,288.6410788381742,0.5471991701244814,0.63838199513382,3.2249440605480997,3855.0
GLENELG NORTH,1422500.0,1438487.0485663007,-15987.048566300655,-1.1238698464886225,15987.048566300655,12.80952380952381,1622750.389549317,1585616.2153523727,1659884.5637462614,950.0,277.7862016679303,0.5367702805155421,0.6317460317460317,3.075075108518059,6594.0
GLENELG SOUTH,2100000.0,2023482.0901800485,76517.90981995151,3.6437099914262623,76517.90981995151,,,,,889.0,277.3455377574371,0.5551487414187642,0.5496957403651116,3.341426794197005,2184.0
GLENGOWRIE,1415000.0,1442001.630449379,-27001.630449379096,-1.9082424345850952,27001.630449379096,15.884861407249469,1671061.5909365406,1633927.4167395963,1708195.765133485,856.0,218.96671289875175,0.49809292649098474,0.6023451964616334,2.4681008450856474,5767.0
GLENSIDE,1855000.0,1925626.750570921,-70626.750570921,-3.807371998432399,70626.750570921,7.346938775510203,2067101.368980213,2029967.1947832687,2104235.5431771576,761.0,575.534525061339,0.5867507886435331,0.4911993450675399,6.110172536374633,2852.0
GLENUNGA,1739500.0,1790798.9230899666,-51298.92308996664,-2.9490614021251305,51298.92308996664,9.48509114761267,1960657.833215516,1923523.6590185717,1997792.0074124604,902.0,385.812356979405,0.5743707093821511,0.5482233502538071,4.239437819161104,2184.0
GLYNDE,1120000.0,1135935.535021445,-15935.535021445015,-1.4228156269147334,15935.535021445015,13.540372670807457,1289745.4397634792,1252611.2655665348,1326879.6139604235,661.0,255.82501188777934,0.48216833095577744,0.4994535519125683,3.313255537469826,2102.0
GOLDEN GROVE,940000.0,943702.7722612087,-3702.772261208738,-0.39391194268178065,3702.772261208738,16.061339790153347,1095274.0811231784,1058139.906926234,1132408.2553201227,792.0,264.07766990291265,0.44485436893203884,0.6030933829515059,3.0515803757568425,10299.0
GOODWOOD,2220000.0,2142263.3599447985,77736.64005520148,3.5016504529370036,77736.64005520148,17.71659218682428,2521799.422993978,2484665.2487970334,2558933.5971909226,1006.0,383.49858356940507,0.6342067988668555,0.6550858099623273,4.130281785580026,2823.0
GRANGE,1505000.0,1530902.09005475,-25902.090054749977,-1.7210691066279056,25902.090054749977,13.911007025761124,1743865.9873597904,1706731.813162846,1781000.1615567347,824.0,236.00260416666666,0.4993489583333333,0.5551750380517504,2.819143223652777,6143.0
GREEN FIELDS,853000.0,827227.4005112834,25772.599488716573,3.0214067395916264,25772.599488716573,,,,,587.0,1964.9122807017543,0.45614035087719296,0.5833333333333334,17.073013233230576,170.0
GREENACRES,898500.0,894263.8969132465,4236.1030867535155,0.47146389390690213,4236.1030867535155,14.20643729189789,1021306.9366523091,984172.7624553647,1058441.1108492536,789.0,668.7518617813523,0.5162347333929104,0.6505977632086386,6.821931095285234,3356.0
GREENHILL,1350000.0,1429234.105535946,-79234.10553594609,-5.869193002662673,79234.10553594609,19.313091090094577,1705263.3902288019,1668129.2160318575,1742397.5644257462,1095.0,61.53846153846154,0.5494505494505495,0.6818181818181818,1.3447317007111457,454.0
GREENWITH,1100000.0,1090399.817999143,9600.18200085708,0.8727438182597345,9600.18200085708,19.508448540706606,1303119.9053814644,1265985.73118452,1340254.0795784087,873.0,110.05542359461599,0.43893507521773556,0.6805131337813073,1.686409994005908,10103.0
GULFVIEW HEIGHTS,991500.0,1006954.0373044447,-15454.037304444704,-1.5586522747801013,15454.037304444704,9.926739926739927,1106911.7457694649,1069777.5715725205,1144045.9199664092,816.0,142.58503401360545,0.4315646258503401,0.6621975147155004,1.955726905883446,3674.0
GUMERACHA,740000.0,808244.6659404491,-68244.66594044911,-9.222252154114745,68244.66594044911,,,,,746.0,97.87735849056604,0.3891509433962264,0.5760111576011158,1.5555861954967274,847.0
HACKHAM,750000.0,721954.4938036909,28045.506196309114,3.7394008261745486,28045.506196309114,22.250639386189256,882593.9847523381,845459.8105553937,919728.1589492826,613.0,313.4461264470169,0.33949243098842385,0.5044414535666218,4.57030830361598,4491.0
HACKHAM WEST,755000.0,769120.689979937,-14120.689979937044,-1.8702900635678203,14120.689979937044,22.27602905569007,940450.2383531919,903316.0641562474,977584.4125501363,496.0,512.8417564208783,0.2863849765258216,0.4161964819117159,7.301130880792875,3620.0
HACKNEY,3900000.0,3789338.996386206,110661.00361379422,2.837461631122929,110661.00361379422,,,,,625.0,1213.5416666666667,0.5486111111111112,0.43953934740882916,12.68231735519659,575.0
HALLETT COVE,1020000.0,1048584.9586010084,-28584.958601008402,-2.8024469216674905,28584.958601008402,16.230366492146597,1218774.1403634758,1181639.9661665314,1255908.31456042,838.0,132.10261328218652,0.5037960521058099,0.6332345348503681,2.168941569569095,12512.0
HAMPSTEAD GARDENS,1255000.0,1252912.1106516775,2087.8893483225256,0.16636568512530087,2087.8893483225256,19.589715905256774,1498354.0336708976,1461219.8594739533,1535488.207867842,761.0,305.3385416666667,0.5540364583333334,0.646921278254092,3.843184545670371,1535.0
HAPPY VALLEY,863000.0,869130.5915100521,-6130.591510052094,-0.7103814032505323,6130.591510052094,17.120217941885198,1017927.6429761689,980793.4687792244,1055061.8171731133,773.0,111.81157516854915,0.4396287540495578,0.6015188271279401,1.8509494032576235,11420.0
HAWTHORN,1672500.0,1730543.142415327,-58043.14241532702,-3.4704419979268772,58043.14241532702,7.960893854748605,1868309.8450936421,1831175.6708966978,1905444.0192905865,1027.0,275.87758775877586,0.6201620162016201,0.6174242424242424,3.2692734435931103,2221.0
HAWTHORNDENE,1211740.0,1213008.8599614904,-1268.8599614903796,-0.10471387933800812,1268.8599614903796,17.919999999999998,1430380.0476665895,1393245.8734696452,1467514.2218635338,928.0,58.99705014749262,0.5460176991150443,0.6560885608856089,1.1736910224241845,3389.0
HAZELWOOD PARK,1828000.0,1860209.412347464,-32209.41234746389,-1.762002863646821,32209.41234746389,14.569850039463295,2131239.1341464706,2094104.9599495262,2168373.308343415,1158.0,143.29580348004095,0.6299897645854657,0.6269891788669637,1.7816114595344639,1953.0
HEATHFIELD,875000.0,922606.2853519535,-47606.28535195347,-5.44071832593754,47606.28535195347,3.1237564663748514,951426.258849816,914292.0846528716,988560.4330467605,863.0,106.30291627469427,0.5315145813734713,0.5988636363636364,1.775342493652162,1062.0
HEATHPOOL,1880000.0,1783909.5768966398,96090.42310336023,5.111192718263842,96090.42310336023,-2.8205519134014336,1733593.4811921301,1696459.3069951858,1770727.6553890745,988.0,145.7286432160804,0.5896147403685092,0.5906313645621182,2.4017532588478865,596.0
HECTORVILLE,1210000.0,1201321.572580215,8678.427419784945,0.7172254065937971,8678.427419784945,12.307692307692308,1349176.5353593184,1312042.361162374,1386310.7095562627,717.0,246.58180103724658,0.5275813295615276,0.6049280177187154,3.47672978231829,4241.0
HENDON,880000.0,861968.560084488,18031.43991551199,2.0490272631263626,18031.43991551199,18.135764944275586,1018293.1520349676,981158.9778380231,1055427.326231912,681.0,407.23270440251576,0.41509433962264153,0.5484171322160148,4.74677968538796,1271.0
HENLEY BEACH,1590000.0,1606419.716621457,-16419.7166214569,-1.0326865799658427,16419.7166214569,9.010989010989011,1751174.0207565771,1714039.8465596328,1788308.1949535215,971.0,308.7859424920128,0.5378594249201278,0.6349418271981689,3.331726029331801,6259.0
HENLEY BEACH SOUTH,1750000.0,1718813.158385152,31186.841614848003,1.7821052351341717,31186.841614848003,12.668463611859838,1936560.3779110336,1899426.2037140892,1973694.552107978,1040.0,283.92857142857144,0.5385714285714286,0.666239863422962,3.1259285935195322,2799.0
HIGHBURY,1051500.0,1052005.5482071503,-505.54820715030655,-0.0480787643509564,505.54820715030655,12.77992277992278,1186451.0449085275,1149316.8707115832,1223585.2191054719,856.0,114.70461405778353,0.4888601408653155,0.6341036414565826,1.8449012517290517,6956.0
HIGHGATE,2432500.0,2367067.602481425,65432.39751857519,2.6899238445457425,65432.39751857519,22.643084864126312,2903044.728502534,2865910.5543055893,2940178.9026994784,988.0,161.46179401993354,0.6186046511627907,0.6365105008077544,2.1120100782201785,1504.0
HILLBANK,780000.0,802311.5094223445,-22311.509422344505,-2.8604499259416034,22311.509422344505,14.285714285714286,916927.4393398223,879793.2651428778,954061.6135367667,823.0,471.08097327483046,0.38990825688073394,0.65308126687945,5.215387878967202,5013.0
HILLCREST,921250.0,915065.2787886232,6184.721211376833,0.6713401586297782,6184.721211376833,16.64428403558838,1067371.34290125,1030237.1687043057,1104505.5170981945,759.0,398.3606557377049,0.5038251366120219,0.6036376115305422,4.6133268306608946,3659.0
HILLIER,772500.0,779086.9676967207,-6586.967696720734,-0.8526819024881209,6586.967696720734,,,,,512.0,201.2269938650307,0.24294478527607363,0.2968536251709986,2.4412313841176196,814.0
HILTON,1222000.0,1223980.884795346,-1980.8847953460645,-0.16210186541293492,1980.8847953460645,17.45454545454545,1437621.1846868973,1400487.010489953,1474755.3588838417,748.0,1442.2442244224424,0.5808580858085809,0.6224747474747475,13.465775831948712,908.0
HOLDEN HILL,882000.0,891773.0275659633,-9773.027565963333,-1.1080530120139833,9773.027565963333,18.021978021978022,1052488.1665998292,1015353.9924028848,1089622.3407967736,706.0,475.1143395211192,0.4737691686844229,0.5771484375,5.638780647215281,3716.0
HOPE VALLEY,892600.0,876860.1084432416,15739.891556758434,1.763375706560434,15739.891556758434,17.12174524982407,1026993.8624082244,989859.6882112799,1064128.0366051688,658.0,188.88210140500917,0.4127061698228467,0.49885057471264366,2.6690264000440176,8184.0
HOVE,1875000.0,1905220.8070859676,-30220.807085967623,-1.6117763779182732,30220.807085967623,24.449953517198633,2371046.4088184834,2333912.234621539,2408180.583015428,778.0,183.3855799373041,0.4934169278996865,0.5162349507479023,2.263519977781832,3189.0
HUNTFIELD HEIGHTS,735275.0,720066.1327210716,15208.867278928403,2.06845972988724,15208.867278928403,26.427187153931335,910359.3572473448,873225.1830504003,947493.5314442893,623.0,330.23809523809524,0.315,0.5148070595273706,4.7993312159997465,4199.0
HYDE PARK,2366000.0,2530998.45814787,-164998.4581478699,-6.973730268295432,164998.4581478699,24.342857142857145,3147115.7971027223,3109981.622905778,3184249.971299667,1133.0,245.03311258278146,0.6237206502107164,0.6008492569002123,2.773907987447563,1660.0
INGLE FARM,835000.0,832613.9959589995,2386.004041000502,0.2857489869461679,2386.004041000502,20.97983317495513,1007295.0233025253,970160.8491055808,1044429.1974994697,636.0,424.45515507124895,0.39207879295892706,0.5168030207677785,5.309366613707237,9543.0
JOSLIN,2000000.0,2045590.475601968,-45590.47560196789,-2.2795237800983945,45590.47560196789,10.344827586206895,2257203.2834228612,2220069.1092259167,2294337.457619806,943.0,144.6945337620579,0.5667202572347267,0.5672348484848485,2.0931917310240507,1243.0
KENSINGTON,1505000.0,1580261.7327888296,-75261.7327888296,-5.0007795872976475,75261.7327888296,17.12407388083064,1850866.9194220833,1813732.745225139,1888001.0936190276,797.0,280.81813156440023,0.5831951354339414,0.5775095298602287,3.5201768538580467,1808.0
KENSINGTON GARDENS,2351500.0,2302155.9260127456,49344.07398725441,2.0984084196153265,49344.07398725441,14.673645320197043,2639966.1213137535,2602831.947116809,2677100.295510698,915.0,130.85234093637453,0.6066426570628252,0.5574526995846792,2.0985904008079896,2498.0
KENSINGTON PARK,2010000.0,2059240.1625194647,-49240.162519464735,-2.449759329326604,49240.162519464735,9.154518950437318,2247753.693432325,2210619.5192353805,2284887.8676292696,888.0,130.89802130898022,0.60882800608828,0.5836314847942755,2.3089685946051213,2627.0
KERSBROOK,955000.0,970835.5043571681,-15835.504357168102,-1.6581679955149844,15835.504357168102,,,,,876.0,102.95434198746644,0.40555058191584603,0.6546840958605664,1.6576192078638308,1116.0
KESWICK,1389000.0,1378342.535768783,10657.464231217047,0.7672760425642222,10657.464231217047,9.549549549549551,1509968.0391845405,1472833.8649875962,1547102.2133814848,867.0,655.6291390728477,0.6119205298013245,0.695024077046549,6.953286352549042,754.0
KIDMAN PARK,1175000.0,1180784.054926792,-5784.054926791927,-0.4922599937695257,5784.054926791927,12.35827664399093,1326708.6150027788,1289574.4408058345,1363842.7891997232,798.0,209.29032258064518,0.48748387096774193,0.5681749164895232,2.6879887402977936,3874.0
KILBURN,973000.0,1023902.5920213652,-50902.592021365184,-5.231509971363328,50902.592021365184,17.576749897666804,1203871.3898166881,1166737.2156197438,1241005.5640136325,542.0,1077.9197728079516,0.42261270855520056,0.48142613151152863,11.589485905125168,5633.0
KILKENNY,986500.0,1001964.2003061286,-15464.200306128594,-1.567582392917242,15464.200306128594,16.687598116169543,1169167.9593211075,1132033.7851241631,1206302.1335180518,655.0,1233.8927991337303,0.5089334055224689,0.5485498108448928,11.890807050543224,1846.0
KINGS PARK,1703250.0,1786144.1515794755,-82894.1515794755,-4.866822344310905,82894.1515794755,1.5400696864111512,1813652.0162135568,1776517.8420166124,1850786.190410501,850.0,259.13043478260875,0.5756521739130435,0.5009823182711198,3.2806215672199115,574.0
KINGSTON PARK,1600000.0,1717439.236603544,-117439.2366035441,-7.3399522877215055,117439.2366035441,24.786324786324787,2143129.3037958755,2105995.129598931,2180263.47799282,878.0,275.64102564102564,0.5432692307692307,0.5678119349005425,2.8173149147881507,623.0
KINGSWOOD,1470000.0,1530208.0284094268,-60208.0284094268,-4.095784245539238,60208.0284094268,0.523876687487406,1538224.4315403246,1501090.2573433802,1575358.605737269,906.0,251.27201565557726,0.5671232876712329,0.5240073868882733,2.885560684403559,2554.0
KLEMZIG,1063000.0,1053918.5438473243,9081.456152675673,0.8543232504868931,9081.456152675673,11.672771672771672,1176940.0490876224,1139805.874890678,1214074.2232845668,769.0,312.7792672028597,0.5479594876377718,0.5962633451957295,3.934787288455327,6713.0
KURRALTA PARK,1220000.0,1233214.8686179097,-13214.868617909728,-1.0831859522876826,13214.868617909728,18.72294372294372,1464108.9944522153,1426974.820255271,1501243.1686491596,826.0,538.5350318471338,0.6264331210191083,0.7009174311926606,5.7138488784784185,3139.0
LARGS BAY,1315000.0,1323362.3599515,-8362.359951500082,-0.6359209088593218,8362.359951500082,18.81686595342983,1572377.6813017195,1535243.5071047752,1609511.8554986638,858.0,437.7588306942753,0.4518879415347138,0.6013765414396329,4.699509489360072,4104.0
LARGS NORTH,895000.0,869517.6798751694,25482.320124830585,2.8471866061263222,25482.320124830585,8.214442838287978,940943.7126573231,903809.5384603787,978077.8868542676,827.0,255.11732401397902,0.426610084872691,0.6026292201971916,3.0973964967284764,4005.0
LEABROOK,3600000.0,3512371.410988045,87628.58901195507,2.434127472554308,87628.58901195507,12.07439408362012,3936468.97683115,3899334.802634205,3973603.1510280943,966.0,126.40099626400996,0.5840597758405978,0.4609429978888107,1.8517371343402196,1605.0
LIGHTSVIEW,850000.0,906221.8241846296,-56221.8241846296,-6.614332257015247,56221.8241846296,13.628899835796389,1029729.8888928796,992595.7146959351,1066864.063089824,1005.0,263.8318831062223,0.6030208504350681,0.7089034304977196,3.109545474624849,6090.0
LINDEN PARK,1660000.0,1708369.7982236599,-48369.79822365986,-2.913843266485534,48369.79822365986,11.490683229813666,1904673.1601313474,1867538.985934403,1941807.3343282917,874.0,195.52364864864865,0.5734797297297297,0.5260053619302949,2.8740126409090974,2367.0
LOBETHAL,820000.0,831692.6095298082,-11692.609529808164,-1.42592799144002,11692.609529808164,,,,,759.0,83.23471400394477,0.3806706114398422,0.5994180407371484,1.5543578209768951,2534.0
LOCKLEYS,1400000.0,1430476.4911641788,-30476.49116417882,-2.176892226012773,30476.49116417882,18.234610917537747,1691318.3135948132,1654184.139397869,1728452.4877917576,878.0,151.46960587842352,0.5108550434201736,0.602780536246276,1.9692834418261596,5987.0
LONGWOOD,1237500.0,1113546.5208562,123953.47914379998,10.016442759094948,123953.47914379998,,,,,940.0,36.809815950920246,0.5061349693251533,0.7019607843137254,0.33,325.0
LOWER MITCHAM,2225000.0,2115501.2833205424,109498.71667945758,4.921290637278992,109498.71667945758,22.890559732664993,2599751.368224326,2562617.1940273815,2636885.5424212706,985.0,111.97440585009142,0.5886654478976234,0.6152551878855861,1.972297499830163,2187.0
LYNTON,1160000.0,1257646.1143088615,-97646.11430886155,-8.417768474901857,97646.11430886155,,,,,1097.0,215.24663677130047,0.6053811659192825,0.5873015873015873,1.9873018468286727,222.0
MAGILL,1332250.0,1378333.8246659664,-46083.824665966444,-3.4590973665578115,46083.824665966444,17.434523809523807,1618639.7635020744,1581505.58930513,1655773.9376990187,781.0,146.9981431813493,0.5558077161130597,0.5935131104759538,2.4422636155927457,9693.0
MALVERN,1875000.0,2004284.129727265,-129284.1297272651,-6.895153585454139,129284.1297272651,5.929919137466306,2123136.557905162,2086002.3837082179,2160270.732102107,1117.0,226.97126013264554,0.6260132645541636,0.6063408190224571,2.7143715416677288,2713.0
MANNINGHAM,1875000.0,1861095.7064742788,13904.29352572118,0.7415623213717962,13904.29352572118,44.2622950819672,2684859.379831746,2647725.2056348016,2721993.554028691,877.0,179.59770114942526,0.5423850574712644,0.6658119658119658,2.442159632404857,1391.0
MANSFIELD PARK,875000.0,851638.2515004496,23361.74849955039,2.6699141142343303,23361.74849955039,15.654405474764754,984957.1565685269,947822.9823715824,1022091.3307654713,534.0,368.84356693425906,0.468648296810588,0.5338688085676038,4.998950980419585,4608.0
MARDEN,1370000.0,1393932.8260042667,-23932.82600426674,-1.7469216061508568,23932.82600426674,11.809558603220996,1558550.139980775,1521415.9657838307,1595684.3141777194,818.0,340.5139833711262,0.5982615268329554,0.6281318681318682,3.9244066418391967,2645.0
MARINO,1255000.0,1291524.5602266905,-36524.56022669049,-2.910323524039083,36524.56022669049,7.578397212543555,1389401.4214982255,1352267.2473012812,1426535.5956951699,932.0,133.88937664618086,0.5201931518876207,0.5933544303797469,2.1837344178463667,2277.0
MARION,1075000.0,1077584.0279000583,-2584.0279000583105,-0.24037468837751724,2584.0279000583105,17.378497790868927,1264851.9443834263,1227717.770186482,1301986.1185803707,659.0,382.0087762067284,0.48488542174549,0.5027855153203342,4.2679474749922095,4101.0
MARLESTON,1132500.0,1134020.9445575327,-1520.9445575326681,-0.13429974017948504,1520.9445575326681,15.95460614152203,1314949.5198240548,1277815.3456271105,1352083.6940209991,746.0,334.1875961045618,0.557662737057919,0.6194379391100703,3.7520296517668563,1950.0
MARRYATVILLE,1100000.0,1255572.9948507051,-155572.99485070514,-14.142999531882285,155572.99485070514,,,,,744.0,221.87981510015408,0.5824345146379045,0.5627376425855514,4.47221880035041,648.0
MASLIN BEACH,952200.0,926881.4352914481,25318.564708551858,2.6589544957521376,25318.564708551858,10.788676761026991,1026879.67730301,989745.5031060656,1064013.8514999545,697.0,146.62273476112026,0.4546952224052718,0.5903846153846154,3.0391555600357725,1213.0
MAWSON LAKES,852000.0,894402.7892334918,-42402.789233491756,-4.976853196419221,42402.789233491756,10.68131868131868,989936.801446124,952802.6272491795,1027070.9756430684,915.0,394.99818774918447,0.5630300833635375,0.6927190090009803,4.585488517096992,13794.0
MAYLANDS,1600000.0,1654510.894737596,-54510.894737595925,-3.4069309210997454,54510.894737595925,16.602316602316602,1929198.0317017527,1892063.8575048083,1966332.205898697,1018.0,265.738899933731,0.5911199469847581,0.6298342541436464,3.365333917101348,1508.0
MCLAREN FLAT,900000.0,907450.938059186,-7450.938059185981,-0.82788200657622,7450.938059185981,7.598784194528875,976406.1765135315,939272.002316587,1013540.3507104759,842.0,58.42558425584256,0.3972939729397294,0.6893819334389857,0.8989597813425916,1625.0
MCLAREN VALE,1015000.0,1012671.2004289953,2328.799571004696,0.22943838137977302,2328.799571004696,19.298535859045415,1208101.9151780107,1170967.7409810664,1245236.089374955,687.0,188.3308714918759,0.42122107336287545,0.5038472499287546,2.574462695283111,4061.0
MEDINDIE,3825000.0,3737965.834775769,87034.16522423085,2.275403012398192,87034.16522423085,37.755102040816325,5149238.649946212,5112104.475749267,5186372.824143156,1309.0,346.9387755102041,0.5943877551020408,0.6047471620227038,3.5275983387597796,1175.0
MELROSE PARK,1128000.0,1129300.3254698645,-1300.3254698645324,-0.11527708066174933,1300.3254698645324,11.663216011042099,1261013.0618428164,1223878.887645872,1298147.2360397608,832.0,359.48275862068965,0.4982758620689655,0.6252665245202559,3.84145162044519,2319.0
MILE END,1161000.0,1177973.5662724187,-16973.566272418713,-1.461978145772499,16973.566272418713,15.069532237673828,1355488.6725931168,1318354.4983961724,1392622.846790061,820.0,616.7070751597971,0.6076702666960546,0.6474584801207851,6.241045479635182,4536.0
MILLSWOOD,2150000.0,2178589.5385004464,-28589.53850044636,-1.3297459767649469,28589.53850044636,20.224719101123593,2619203.1530286265,2582068.978831682,2656337.327225571,1171.0,184.91260349586017,0.5924563017479301,0.6221480244852532,2.366162406137337,2173.0
MITCHAM,1725000.0,1767330.745082467,-42330.745082467096,-2.453956236664759,42330.745082467096,8.637873754152823,1919990.5436610188,1882856.3694640745,1957124.7178579632,922.0,159.30169121658483,0.6142935079105292,0.6104651162790697,2.304126303750002,1832.0
MITCHELL PARK,991800.0,982622.3910560233,9177.608943976695,0.9253487541819616,9177.608943976695,14.395604395604394,1124076.823175077,1086942.6489781328,1161210.9973720214,635.0,423.2841007819287,0.48305821025195483,0.5305997552019583,5.239671301627615,5754.0
MOANA,1101000.0,1098825.1997737563,2174.8002262436785,0.1975295391683632,2174.8002262436785,20.90124640460211,1328493.3623343306,1291359.1881373862,1365627.536531275,810.0,168.52577630388907,0.4196563159481459,0.6304670126019274,2.320493714198861,3316.0
MODBURY,894500.0,884609.78921282,9890.210787179996,1.1056691768787028,9890.210787179996,19.74510176906981,1059276.8923520453,1022142.7181551008,1096411.0665489896,683.0,1080.622095101895,0.4780121558813014,0.5503680336487907,10.68185878588607,5593.0
MODBURY HEIGHTS,885050.0,903999.0741465155,-18949.074146515457,-2.1410173602073845,18949.074146515457,16.627663290254976,1054312.9963426206,1017178.8221456761,1091447.170539565,782.0,132.36134934248142,0.4283876500857633,0.6125376306003187,2.2310836793531488,6995.0
MODBURY NORTH,886000.0,875329.3162983179,10670.683701682137,1.2043661062846656,10670.683701682137,18.002915451895042,1032914.1130371549,995779.9388402104,1070048.2872340993,743.0,223.83873794916738,0.4518843120070114,0.5918148703664023,3.0484369795879527,5704.0
MORPHETT VALE,793000.0,817481.6541038414,-24481.6541038414,-3.087219937432711,24481.6541038414,21.282798833819243,991464.6300501401,954330.4558531956,1028598.8042470845,639.0,418.5310169562138,0.3596217139524226,0.5243299895193891,5.170319897127259,24002.0
MORPHETTVILLE,1076250.0,1053090.9145782462,23159.085421753814,2.151831398072364,23159.085421753814,14.587525150905435,1206710.8166042478,1169576.6424073034,1243844.9908011921,743.0,342.5549227013832,0.4974233794412802,0.5634870499052432,4.0913038462838385,3686.0
MOUNT OSMOND,2010000.0,1874593.3159679684,135406.68403203157,6.736650946867242,135406.68403203157,8.685714285714287,2037415.1354120437,2000280.9612150993,2074549.309608988,1142.0,116.12903225806453,0.6387096774193548,0.6204188481675392,2.006694196863676,464.0
MUNNO PARA,695000.0,684745.5185537738,10254.481446226244,1.4754649562915458,10254.481446226244,26.239067055393583,864416.354325901,827282.1801289566,901550.5285228455,685.0,973.728813559322,0.3379237288135593,0.5509065550906556,10.276875285785602,4719.0
MUNNO PARA DOWNS,737500.0,764932.4916159296,-27432.49161592964,-3.719659880126053,27432.49161592964,,,,,511.0,758.2417582417582,0.36813186813186816,0.5605095541401274,8.522829687322718,181.0
MUNNO PARA WEST,703000.0,716653.8241722554,-13653.82417225535,-1.9422224996095805,13653.82417225535,23.611859838274935,885869.1206614457,848734.9464645012,923003.2948583901,834.0,228.0285035629454,0.34230667722354186,0.6784182055586644,3.593124598715869,7577.0
MYRTLE BANK,2150000.0,2210186.605416767,-60186.60541676683,-2.79937699612869,60186.60541676683,12.775330396475772,2492545.246637411,2455411.0724404664,2529679.4208343555,777.0,136.75213675213678,0.5701171256726812,0.4457875457875458,2.1774355842990762,3158.0
NAILSWORTH,1409444.0,1413318.4216016945,-3874.421601694543,-0.27489007024717144,3874.421601694543,14.800474642728165,1622496.2562118592,1585362.0820149148,1659630.4304088035,925.0,395.3488372093023,0.5559033989266547,0.6720044174489233,4.0183915899753355,2235.0
NETHERBY,2200000.0,2153158.0932452884,46841.90675471164,2.12917757975962,46841.90675471164,10.927234855756145,2388438.734909922,2351304.5607129773,2425572.9091068665,1028.0,180.01323626737258,0.6207809397749835,0.6368038740920097,1.9955999021560409,1510.0
NETLEY,1110000.0,1099147.2429525452,10852.757047454827,0.9777258601310654,10852.757047454827,14.285714285714286,1256168.2776600516,1219034.1034631073,1293302.451856996,684.0,178.96389324960754,0.456305599162742,0.55375,2.556912253659649,1910.0
NEW PORT,825000.0,925263.4005566176,-100263.40055661765,-12.1531394614082,100263.40055661765,,,,,1043.0,608.0246913580247,0.5524691358024691,0.7060755336617406,6.499162885189358,647.0
NEWTON,1100000.0,1113027.6667787319,-13027.666778731858,-1.1843333435210779,13027.666778731858,15.059357076163794,1280642.4774754355,1243508.3032784911,1317776.6516723798,752.0,396.2485345838218,0.5064478311840562,0.6197150735294118,4.325840302560854,5117.0
NOARLUNGA DOWNS,770000.0,741671.5928114881,28328.40718851192,3.6790139205859633,28328.40718851192,11.430241295816982,826446.4454923703,789312.2712954258,863580.6196893147,648.0,378.2242063492063,0.37028769841269843,0.5372227286539046,4.866614524683722,4031.0
NORTH ADELAIDE,1674000.0,1742013.4797495995,-68013.47974959947,-4.062931884683361,68013.47974959947,10.317460317460318,1921745.029247574,1884610.8550506297,1958879.2034445184,964.0,673.2121922626026,0.701641266119578,0.5573848345733734,7.098858756443523,6823.0
NORTH BRIGHTON,1570000.0,1592468.707887165,-22468.707887165016,-1.4311278909022302,22468.707887165016,12.900432900432904,1797904.0650085395,1760769.8908115951,1835038.2392054838,793.0,224.3060765191298,0.44486121530382594,0.5126722987994664,2.2123061369139214,2665.0
NORTH HAVEN,1090000.0,1094697.693045278,-4697.69304527808,-0.43098101332826416,4697.69304527808,18.49624060150376,1297175.612210044,1260041.4380130996,1334309.7864069883,758.0,219.11922663802363,0.40726817042606517,0.5552128315854411,2.8593635263397585,5585.0
NORTH PLYMPTON,1118000.0,1129066.4966626978,-11066.496662697755,-0.9898476442484575,11066.496662697755,18.67905056759546,1339965.3985161018,1302831.2243191574,1377099.572713046,777.0,181.6671282193298,0.5300470783716422,0.5642834241744149,2.7592926905830493,3610.0
NORTHFIELD,911000.0,881162.816273173,29837.183726827032,3.2752122641961616,29837.183726827032,16.336134453781515,1025110.7586962864,987976.5844993419,1062244.9328932308,679.0,440.1268834258525,0.41237113402061853,0.4511494252873563,5.469114908564824,5043.0
NORTHGATE,1115500.0,1136783.2990516638,-21283.29905166384,-1.9079604707901245,21283.29905166384,13.671679197994987,1292200.6648743914,1255066.490677447,1329334.8390713357,881.0,192.1507064364207,0.5237048665620094,0.6771463119709794,2.426087609873117,3184.0
NORTON SUMMIT,1500000.0,1543898.4971523802,-43898.49715238018,-2.926566476825345,43898.49715238018,19.727891156462587,1848477.1122368632,1811342.938039919,1885611.2864338076,855.0,63.75227686703097,0.5245901639344263,0.6212471131639723,1.6030601682236074,548.0
NORWOOD,1725000.0,1764266.575858951,-39266.57585895108,-2.276323238200063,39266.57585895108,12.646370023419205,1987382.2552415822,1950248.0810446378,2024516.4294385265,1002.0,510.46420141620774,0.6503540519276161,0.6071109522958728,5.541446791022682,6354.0
NOVAR GARDENS,1422000.0,1482444.4368317083,-60444.4368317083,-4.250663630921822,60444.4368317083,19.153439153439148,1766383.5300238132,1729249.355826869,1803517.7042207576,630.0,364.6871263451574,0.4320446392985253,0.4936049265750829,3.8245392635425257,2508.0
O'HALLORAN HILL,875500.0,896907.8651622166,-21407.865162216593,-2.4452158951703704,21407.865162216593,19.245499808502494,1069522.2666344547,1032388.0924375103,1106656.440831399,796.0,294.160852001469,0.44876973925817115,0.6277503367759317,3.450642986648219,2722.0
O'SULLIVAN BEACH,787500.0,777275.8039455868,10224.196054413216,1.2983106100842179,10224.196054413216,20.59800664451827,937379.1256885316,900244.9514915871,974513.299885476,599.0,382.1138211382114,0.31978319783197834,0.4732484076433121,5.6188171557597,1844.0
OAKBANK,1116685.0,1116176.1488975966,508.8511024033651,0.04556800730764406,508.8511024033651,,,,,889.0,72.74826789838338,0.5161662817551963,0.6132596685082873,1.2875391580619715,865.0
OAKDEN,1006500.0,992775.3811741313,13724.618825868703,1.363598492386359,13724.618825868703,17.666666666666668,1168165.6985148946,1131031.5243179502,1205299.872711839,649.0,241.07142857142858,0.49581473214285715,0.5333333333333333,3.4311086858257607,3583.0
OAKLANDS PARK,983000.0,958639.1241032663,24360.87589673372,2.4782172834927487,24360.87589673372,12.719780219780219,1080575.9137900278,1043441.7395930834,1117710.0879869722,648.0,2010.382375284882,0.5049379589769561,0.5201716738197425,18.169466111029536,3948.0
OLD NOARLUNGA,855500.0,850554.5800446699,4945.419955330086,0.578073635924031,4945.419955330086,9.630975677942407,932471.2847763972,895337.1105794527,969605.4589733416,704.0,556.7885117493473,0.3302872062663185,0.5836637589214909,6.074971833071601,1531.0
OLD REYNELLA,810000.0,806816.3538709844,3183.6461290156003,0.3930427319772346,3183.6461290156003,18.309859154929576,954543.2919036999,917409.1177067554,991677.4661006443,707.0,571.8415727088753,0.4217982075744435,0.5746294381247845,6.019598099408864,3458.0
ONKAPARINGA HEIGHTS,850000.0,1026094.8762913343,-176094.87629133428,-20.71704426956874,176094.87629133428,,,,,,304.1360570389622,0.5030735746422467,0.6006274682066984,3.7511560746978745,
ONKAPARINGA HILLS,1075000.0,1079234.7548190213,-4234.754819021327,-0.39393068083919325,4234.754819021327,16.428571428571427,1256537.6073964317,1219403.4331994874,1293671.781593376,825.0,110.68556108770586,0.39984680199157413,0.6414488766620816,1.6916269849723338,2610.0
OSBORNE,794000.0,757404.3539290273,36595.64607097267,4.609023434631318,36595.64607097267,14.798534798534797,869489.100810832,832354.9266138875,906623.2750077765,647.0,406.25,0.36116803278688525,0.5350713842333954,5.458643746728839,1951.0
OTTOWAY,751000.0,697340.1694927994,53659.83050720056,7.145117244633896,53659.83050720056,13.083090379008748,788573.8141166752,751439.6399197307,825707.9883136196,555.0,386.13505747126436,0.3807471264367816,0.5324675324675324,5.262109498864903,2783.0
OVINGHAM,1375000.0,1402867.787212371,-27867.787212370895,-2.026748160899701,27867.787212370895,14.032395918073131,1599723.7493211224,1562589.575124178,1636857.9235180668,919.0,843.5462842242504,0.5475880052151239,0.5909797822706065,8.869077048138656,766.0
PANORAMA,1292500.0,1259523.5506521028,32976.4493478972,2.5513693886187387,32976.4493478972,11.538461538461538,1404853.191111961,1367719.0169150166,1441987.3653089053,817.0,180.8287986605274,0.544579321892005,0.5885045778229908,2.3023520501940538,2388.0
PARA HILLS,811000.0,808835.7030185574,2164.2969814426033,0.2668676919164739,2164.2969814426033,18.442292171105727,958003.5465534568,920869.3723565124,995137.7207504013,686.0,396.23196938475127,0.39269944068295554,0.5727888665079656,5.195703157104734,6793.0
PARA HILLS WEST,716250.0,692343.5921108734,23906.407889126567,3.3377183789356466,23906.407889126567,20.695970695970697,835630.8190495706,798496.6448526261,872764.993246515,600.0,773.0582524271845,0.3774271844660194,0.5144124168514412,8.405497386304479,3295.0
PARA VISTA,890250.0,887679.6550338427,2570.3449661573395,0.28872170358408755,2570.3449661573395,21.18947997609086,1075774.3577890713,1038640.1835921268,1112908.5319860156,642.0,307.53968253968253,0.38756613756613756,0.5265914585012087,4.461408079702675,3023.0
PARADISE,1050000.0,1040137.6019135101,9862.398086489877,0.9392760082371311,9862.398086489877,13.543599257884972,1181009.6704472508,1143875.4962503065,1218143.8446441952,710.0,235.79939041285675,0.49002493765586036,0.5616570327552987,3.2074607903275023,7217.0
PARAFIELD GARDENS,845000.0,858586.9220272941,-13586.922027294058,-1.6079197665436755,13586.922027294058,21.218487394957982,1040766.0798524132,1003631.9056554687,1077900.2540493575,585.0,311.5118042018627,0.3816872427983539,0.5244860323748378,4.734293796004882,18467.0
PARALOWIE,765000.0,782045.8836361954,-17045.883636195445,-2.228220083162803,17045.883636195445,20.40816326530612,941647.0843782761,904512.9101813317,978781.2585752206,678.0,366.1810911168238,0.3464724364467295,0.5780774249673771,5.096907993864734,17504.0
PARK HOLME,1096400.0,1091887.406866703,4512.59313329705,0.41158273744044604,4512.59313329705,15.100509246850711,1256767.9657058078,1219633.7915088634,1293902.1399027521,702.0,506.25,0.518125,0.5772893772893772,5.626556864680973,3199.0
PARKSIDE,1780000.0,1757483.8796043952,22516.120395604754,1.2649505840227389,22516.120395604754,11.200200451014783,1954325.5970143587,1917191.4228174144,1991459.771211303,1038.0,304.4665496391652,0.6284376828554711,0.6558335281739537,3.4459652092871886,5126.0
PASADENA,975000.0,966286.8508391748,8713.149160825182,0.8936563241871981,8713.149160825182,10.366624525916562,1066458.1805089756,1029324.0063120312,1103592.35470592,701.0,283.6694860117111,0.49414443721535456,0.48168908819133033,3.4237835913666443,3073.0
PAYNEHAM,1440000.0,1455447.0459117834,-15447.045911783352,-1.0727115216516216,15447.045911783352,19.71664698937426,1742412.4020714855,1705278.2278745412,1779546.5762684299,874.0,188.6018860188602,0.5797457974579746,0.6341698841698842,2.3667064601035697,2438.0
PAYNEHAM SOUTH,1450000.0,1474389.4192961415,-24389.41929614148,-1.6820289169752745,24389.41929614148,13.612313612313612,1675087.9309175017,1637953.7567205573,1712222.105114446,789.0,187.64434180138568,0.5404157043879908,0.6153846153846154,2.808778825916906,1731.0
PENNINGTON,920000.0,933550.7292575669,-13550.729257566854,-1.4729053540833537,13550.729257566854,20.668693009118538,1126503.4635722006,1089369.2893752563,1163637.637769145,568.0,541.6004239533652,0.40911499735029144,0.5063011972274732,6.279227661842576,3773.0
PETERHEAD,831500.0,821077.5370892242,10422.462910775794,1.2534531462147678,10422.462910775794,5.107871720116619,863017.1244064347,825882.9502094903,900151.2986033792,801.0,775.3743760399334,0.38519134775374375,0.603,8.004672877522411,1201.0
PLYMPTON,1247500.0,1225888.204994029,21611.7950059711,1.7324084173123127,21611.7950059711,9.716209716209717,1344998.0738775276,1307863.8996805833,1382132.248074472,843.0,497.98534798534797,0.6181318681318682,0.688011757295822,5.228132726498574,5459.0
PLYMPTON PARK,1160000.0,1154131.0568801772,5868.9431198227685,0.5059433723985146,5868.9431198227685,14.786967418546368,1324792.0402283738,1287657.8660314295,1361926.2144253182,831.0,339.25811437403405,0.5267903142709943,0.6354359925788498,4.0040091376679765,3881.0
POORAKA,877500.0,889409.0938045131,-11909.093804513104,-1.3571616871240004,11909.093804513104,19.23223834988541,1060462.370630553,1023328.1964336085,1097596.5448274973,581.0,520.3059071729957,0.3930643459915612,0.5258495732001933,6.252927564013381,7583.0
PORT ADELAIDE,717500.0,655700.1873277286,61799.81267227139,8.613214309724237,61799.81267227139,3.0871670702179195,675942.7475902674,638808.573393323,713076.9217872119,754.0,3327.109783420463,0.4585511575802838,0.5434962717481359,30.090825050655145,1338.0
PORT NOARLUNGA,861856.0,860531.0637635859,1324.936236414127,0.1537305810267756,1324.936236414127,17.284102564102565,1009266.135420447,972131.9612235025,1046400.3096173914,717.0,313.61675908810844,0.414664202094886,0.5729279768367717,3.881720993635085,3245.0
PORT NOARLUNGA SOUTH,1058500.0,1060666.7066486368,-2166.706648636842,-0.2046959516898292,2166.706648636842,21.717687074829932,1291018.9829054922,1253884.8087085478,1328153.1571024365,786.0,192.54658385093168,0.4096109839816934,0.6038725292456636,2.729365130918863,3058.0
PORT WILLUNGA,1100000.0,1131607.050509945,-31607.050509945024,-2.8733682281768202,31607.050509945024,25.0,1414508.8131374312,1377374.6389404868,1451642.9873343755,690.0,210.52631578947367,0.41937290033594626,0.5362517099863201,3.3282216902106816,1785.0
PROSPECT,1462500.0,1471241.6360819503,-8741.636081950273,-0.5977187064581384,8741.636081950273,13.204887218045114,1665517.4348314935,1628383.2606345492,1702651.6090284379,954.0,434.3503599588618,0.5694892012341447,0.6683546405445792,4.581290313020024,14584.0
QUEENSTOWN,920000.0,919813.9013320879,186.09866791206878,0.02022811607739878,186.09866791206878,19.092970521541954,1095433.6983664685,1058299.5241695242,1132567.8725634129,623.0,322.53086419753083,0.39609053497942387,0.5325762104004782,4.165522039184035,1943.0
REDWOOD PARK,855000.0,860656.9168203742,-5656.916820374201,-0.6616276982893803,5656.916820374201,16.25,1000513.6658036851,963379.4916067406,1037647.8400006295,837.0,123.8822652757079,0.43088673621460505,0.6465536723163842,2.160884230082141,5367.0
REGENCY PARK,784500.0,824681.4307619501,-40181.43076195009,-5.121915967106449,40181.43076195009,,,,,426.0,8491.803278688523,0.22950819672131148,0.04918032786885246,70.0,60.0
REID,835000.0,867441.7519027358,-32441.751902735792,-3.885239748830634,32441.751902735792,,,,,856.0,128.14645308924486,0.34553775743707094,0.7055214723926381,1.5061880003645303,436.0
RENOWN PARK,967000.0,968182.6475977337,-1182.6475977336522,-0.1223006822888989,1182.6475977336522,14.796992481203006,1111444.5611670825,1074310.3869701382,1148578.7353640269,640.0,578.7259615384615,0.5114182692307693,0.5623678646934461,6.64659485761984,1663.0
REYNELLA,837500.0,827497.0280470357,10002.971952964319,1.1943847108017098,10002.971952964319,18.85635140482786,983532.7755200918,946398.6013231473,1020666.9497170362,718.0,260.6987802356833,0.38887740334918336,0.5904161412358133,3.563606104960722,4836.0
REYNELLA EAST,857000.0,823570.2276628708,33429.77233712922,3.900790237704693,33429.77233712922,20.99629477151091,996489.4603133706,959355.2861164261,1033623.634510315,660.0,164.74133601205423,0.3802109492717228,0.5217132659131469,2.7691618365816946,1990.0
RICHMOND,1085000.0,1096616.252941943,-11616.252941943007,-1.070622390962489,11616.252941943007,17.541801114696394,1288982.4950244545,1251848.3208275102,1326116.669221399,771.0,310.50359712230215,0.5496402877697841,0.6482781678368439,3.8259467173370787,3474.0
RIDGEHAVEN,912350.0,896368.8370657081,15981.162934291875,1.7516482637465747,15981.162934291875,16.746598639455783,1046480.1285382595,1009345.9543413151,1083614.3027352039,688.0,222.53193960511032,0.3995354239256678,0.5294768890119015,3.337617824672323,4304.0
RIDLEYTON,1196250.0,1151352.6146057004,44897.385394299636,3.753177462428392,44897.385394299636,14.926739926739925,1323212.0250276134,1286077.850830669,1360346.1992245577,842.0,1278.5774767146486,0.5757832345469941,0.6220095693779905,11.720757357950262,1180.0
RIVERLEA PARK,875000.0,1068233.0169628677,-193233.0169628677,-22.083773367184882,193233.0169628677,,,,,,304.1360570389622,0.5030735746422467,0.6006274682066984,3.7511560746978745,
ROSE PARK,2700000.0,2394592.6433640923,305407.35663590766,11.31138357910769,305407.35663590766,,,,,1132.0,254.36046511627907,0.654796511627907,0.6173688736027515,3.2411303626300305,1375.0
ROSEWATER,830500.0,811912.7257205358,18587.274279464153,2.238082393674191,18587.274279464153,14.65156794425087,930870.6703774993,893736.4961805549,968004.8445744438,684.0,643.8738487301144,0.42980742394641364,0.5660814839350778,7.365962761748192,3582.0
ROSSLYN PARK,2050000.0,2062442.5422552621,-12442.542255262146,-0.606953280744495,12442.542255262146,22.90249433106576,2534793.3285767618,2497659.154379817,2571927.5027737063,986.0,87.75510204081633,0.6326530612244898,0.5547675334909378,1.4117827065164936,1469.0
ROSTREVOR,1305000.0,1319981.082834078,-14981.082834077999,-1.1479756960979308,14981.082834077999,13.854447439353097,1502857.1681647291,1465722.9939677848,1539991.3423616735,783.0,112.14953271028037,0.5275050278007808,0.5886874546773024,2.063747398078725,8452.0
ROYAL PARK,930000.0,921068.9621648765,8931.037835123483,0.9603266489380089,8931.037835123483,15.569823434991976,1064477.773288461,1027343.5990915165,1101611.9474854053,751.0,433.70005790387955,0.44730746960046325,0.5934369602763385,5.115906377000515,3453.0
ROYSTON PARK,1765000.0,1805247.7377556749,-40247.73775567487,-2.280325085307358,40247.73775567487,7.4507389162561575,1939752.0334874708,1902617.8592905265,1976886.2076844152,959.0,238.97353648757016,0.5846030473135525,0.6268221574344023,2.753739962063017,1246.0
SALISBURY,796250.0,819536.7746509213,-23286.774650921347,-2.924555686143968,23286.774650921347,21.825396825396826,998403.9278485432,961269.7536515987,1035538.1020454876,536.0,1080.7509613209681,0.31067631757520925,0.43305002090009753,11.912925686218385,8841.0
SALISBURY DOWNS,760000.0,753191.7012549741,6808.298745025881,0.8958287822402475,6808.298745025881,21.311475409836067,913707.9654568539,876573.7912599094,950842.1396537983,535.0,785.2945847228839,0.342861680165158,0.47430596574128764,8.896803586536786,6296.0
SALISBURY EAST,790000.0,770007.6714204366,19992.328579563415,2.5306745037422043,19992.328579563415,22.6394479921943,944333.1577275727,907198.9835306283,981467.3319245172,599.0,258.8958378261807,0.3441880526202286,0.4929484644787136,4.148679308243327,9273.0
SALISBURY HEIGHTS,882500.0,871270.1499394246,11229.850060575409,1.2725042561558537,11229.850060575409,14.696223316912972,999313.9568681248,962179.7826711803,1036448.1310650692,816.0,177.5451102695478,0.38694586767654265,0.6355604638321369,2.4251659632524616,4488.0
SALISBURY NORTH,703000.0,695539.7864889505,7460.213511049515,1.061196801002776,7460.213511049515,24.37783583115633,865097.3337796021,827963.1595826576,902231.5079765465,540.0,448.80194683639087,0.2824784724822164,0.4529550827423168,6.530936896531338,10683.0
SALISBURY PARK,737750.0,712445.9334902952,25304.066509704804,3.429897188709564,25304.066509704804,18.649553571428577,845313.9195240322,808179.7453270877,882448.0937209766,606.0,422.92490118577075,0.29424681598594643,0.49245689655172414,5.386697441051391,2276.0
SALISBURY PLAIN,680000.0,636781.2835797955,43218.716420204495,6.355693591206543,43218.716420204495,15.696649029982364,736734.6067519326,699600.4325549882,773868.7809488771,577.0,736.8815592203898,0.31709145427286356,0.506137865911237,7.955985797604126,1333.0
SEACLIFF,1525000.0,1668935.7726234938,-143935.7726234938,-9.438411319573364,143935.7726234938,12.743707904998226,1881620.072608657,1844485.8984117126,1918754.2468056013,948.0,240.7932011331445,0.5571293673276676,0.602017937219731,3.038805204366464,2117.0
SEACLIFF PARK,1367708.0,1392682.308368214,-24974.30836821394,-1.8259970964719034,24974.30836821394,20.052924930956568,1671955.8461920049,1634821.6719950605,1709090.0203889492,856.0,222.30623818525518,0.49224952741020794,0.629172382258802,2.9157492130099385,2644.0
SEACOMBE GARDENS,951750.0,897880.0438498856,53869.95615011442,5.660095208837869,53869.95615011442,12.812299807815503,1012919.1269824783,975784.9527855339,1050053.3011794228,715.0,313.2780082987552,0.5121517486662714,0.5894109396914446,3.728916431412864,3373.0
SEACOMBE HEIGHTS,985275.0,996582.6494906291,-11307.64949062909,-1.1476643059682923,11307.64949062909,12.830202387901474,1124446.2203829875,1087312.0461860432,1161580.3945799319,815.0,160.6451612903226,0.49290322580645163,0.6234076433121019,2.3752490687262386,1549.0
SEAFORD,923720.0,931092.4081332018,-7372.408133201767,-0.79812152310243,7372.408133201767,21.86771037181996,1134700.9992377742,1097566.8250408298,1171835.1734347185,656.0,619.047619047619,0.36181575433911883,0.49906191369606,6.830423149513887,4493.0
SEAFORD HEIGHTS,950000.0,1018900.6657880814,-68900.66578808136,-7.2527016619033,68900.66578808136,23.41269841269841,1257452.805794021,1220318.6315970768,1294586.9799909655,1081.0,237.96296296296296,0.48055555555555557,0.8130277442702051,2.325373291286243,1079.0
SEAFORD MEADOWS,830500.0,834872.1016018068,-4372.1016018068185,-0.5264420953409775,4372.1016018068185,13.630252100840337,948667.2737697171,911533.0995727726,985801.4479666615,854.0,306.8783068783069,0.42308446012149714,0.6753314270860411,3.9759324638432028,5102.0
SEAFORD RISE,862500.0,832544.4753603765,29955.524639623472,3.473104306043301,29955.524639623472,12.79434850863422,939063.1170273634,901928.9428304189,976197.2912243078,709.0,214.37929905011464,0.38028169014084506,0.5920615128844555,3.2701210440580284,6105.0
SEATON,1100000.0,1102940.6295191133,-2940.6295191133395,-0.26732995628303086,2940.6295191133395,15.53272126024636,1274257.3231683238,1237123.1489713795,1311391.4973652682,696.0,401.82018753447323,0.4328920757492186,0.5520641456279121,4.521968748226064,10877.0
SEAVIEW DOWNS,1133000.0,1150119.892222186,-17119.892222186085,-1.5110231440587893,17119.892222186085,17.6073187895848,1352625.1681081755,1315490.9939112312,1389759.3423051198,796.0,286.87017285766825,0.4520044133872747,0.6076923076923076,3.750282497628892,2718.0
SEFTON PARK,1010500.0,1083148.9087828568,-72648.90878285677,-7.189402155651338,72648.90878285677,14.877344877344873,1244292.70747768,1207158.5332807356,1281426.8816746243,784.0,707.4509803921568,0.5427450980392157,0.6357677902621723,7.4123261747959415,1274.0
SELLICKS BEACH,872000.0,869110.8174222923,2889.1825777076883,0.33132827726005604,2889.1825777076883,23.463203463203463,1073032.0568347955,1035897.882637851,1110166.2310317399,745.0,156.68883961566888,0.3762010347376201,0.5838621940163191,2.6124941625933977,2705.0
SEMAPHORE,1300000.0,1251222.8368631443,48777.1631368557,3.7520894720658235,48777.1631368557,8.362369337979095,1355854.71172278,1318720.5375258357,1392988.8859197244,857.0,496.3636363636363,0.5076363636363637,0.596138044371405,5.064706363247069,2749.0
SEMAPHORE PARK,1510000.0,1561689.8172533605,-51689.817253360525,-3.423166705520565,51689.817253360525,22.906403940886698,1919416.7950971106,1882282.6209001662,1956550.969294055,656.0,520.2553940995156,0.3989431968295905,0.49221183800623053,5.802509359651757,4541.0
SEMAPHORE SOUTH,1050000.0,1156547.8005669897,-106547.8005669897,-10.147409577808544,106547.8005669897,3.5290125551408202,1197362.5176552038,1160228.3434582595,1234496.6918521482,930.0,358.5271317829458,0.4786821705426357,0.6330275229357798,3.773539860496837,1031.0
SHEIDOW PARK,942500.0,971897.1585303829,-29397.158530382905,-3.119061913037974,29397.158530382905,12.376237623762378,1092181.4603286977,1055047.2861317534,1129315.634525642,905.0,148.989898989899,0.4708853238265003,0.7155841696648362,2.068753623209302,6731.0
SKYE,1940000.0,1770429.9725561182,169570.02744388185,8.74072306411762,169570.02744388185,,,,,1042.0,112.24489795918367,0.6020408163265306,0.5764705882352941,2.004536939484363,293.0
SMITHFIELD,680000.0,666778.9967380578,13221.003261942184,1.9442651855797326,13221.003261942184,25.60868289821062,837532.3156445773,800398.1414476328,874666.4898415217,526.0,2514.699959726138,0.26500201369311316,0.4238070805541303,24.174777548758023,2482.0
SMITHFIELD PLAINS,535000.0,483434.7575069831,51565.24249301688,9.638363082806894,51565.24249301688,16.909620991253647,565181.7427414,528047.5685444556,602315.9169383445,511.0,712.0387174833636,0.2589231699939504,0.4240297274979356,10.240308651991198,3305.0
SOMERTON PARK,2035000.0,2037894.036900332,-2894.0369003319647,-0.14221311549542823,2894.0369003319647,10.884353741496598,2259705.632753429,2222571.4585564844,2296839.8069503736,908.0,213.35168616655196,0.5273571920165175,0.564792663476874,2.3616133021932466,5811.0
SOUTH BRIGHTON,1597500.0,1628549.2692489286,-31049.269248928642,-1.9436162284149385,31049.269248928642,25.061576354679804,2036689.387835329,1999555.2136383846,2073823.5620322733,820.0,188.49493487698987,0.5126628075253257,0.5630323679727428,3.025820997570226,2763.0
SOUTH PLYMPTON,1205000.0,1215192.1721099506,-10192.172109950567,-0.845823411614155,10192.172109950567,15.914786967418548,1408587.4175459954,1371453.243349051,1445721.5917429398,805.0,298.1787378229564,0.5455315544260907,0.6242454728370221,3.9339075904286522,4721.0
ST AGNES,891500.0,877084.245893287,14415.754106712993,1.6170223338993823,14415.754106712993,16.037414965986393,1017745.8860084858,980611.7118115413,1054880.0602054303,746.0,274.44496929617384,0.4222957014643363,0.584841628959276,3.137412607411024,4233.0
ST CLAIR,1142000.0,1145176.0981435734,-3176.0981435733847,-0.27811717544425435,3176.0981435733847,6.764976958525346,1222646.9973175256,1185512.8231205812,1259781.17151447,1055.0,648.1973434535105,0.6091081593927894,0.745594215996385,6.1417575417171575,2634.0
ST GEORGES,2280000.0,2280493.5122044096,-493.51220440957695,-0.021645272123227057,493.51220440957695,11.160714285714286,2535012.8774057943,2497878.7032088498,2572147.051602739,982.0,112.3335263462652,0.6045165026056746,0.5637010676156584,1.6452707055272404,1726.0
ST MARYS,990000.0,1032042.070042993,-42042.07004299294,-4.246673741716458,42042.07004299294,22.259136212624586,1261765.720185453,1224631.5459885087,1298899.8943823974,785.0,633.3444038525406,0.5313849219528396,0.631013916500994,6.768788106359219,3010.0
ST MORRIS,1550000.0,1565113.9830928613,-15113.98309286125,-0.9750956834104032,15113.98309286125,13.610798650168732,1778138.4959772667,1741004.3217803224,1815272.670174211,829.0,151.34459036898062,0.5597248280175109,0.6092124814264487,2.088248422024007,1598.0
ST PETERS,2530000.0,2431698.9467299236,98301.0532700764,3.8854171252994627,98301.0532700764,10.41890440386681,2685055.3353795507,2647921.161182606,2722189.5095764953,1097.0,281.55940594059405,0.6311881188118812,0.6427255985267035,3.346313961658573,3231.0
STEPNEY,1432500.0,1457168.591647212,-24668.591647211928,-1.7220657345348642,24668.591647211928,9.169054441260744,1590777.1731162972,1553642.998919353,1627911.3473132416,1075.0,709.4379639448568,0.6203605514316013,0.6674937965260546,6.528776672280295,942.0
STIRLING,1830000.0,1801890.777991037,28109.222008963116,1.5360230605990774,28109.222008963116,18.699703996426763,2138839.0198142724,2101704.845617328,2175973.194011217,1058.0,170.7953063885267,0.5961538461538461,0.5933147632311978,2.0092834514854463,3067.0
STONYFELL,1675000.0,1737135.0774035535,-62135.07740355353,-3.709556859913644,62135.07740355353,15.625,2008562.4332478587,1971428.2590509143,2045696.607444803,1070.0,85.24072612470403,0.6132596685082873,0.629126213592233,1.2709658584723706,1266.0
STURT,920000.0,877048.5443145571,42951.455685442896,4.668636487548141,42951.455685442896,12.000000000000002,982294.3696323041,945160.1954353596,1019428.5438292485,635.0,356.5279770444763,0.49067431850789095,0.532258064516129,4.686988596168887,2787.0
SUMMERTOWN,1371250.0,1379528.0904546236,-8278.090454623569,-0.6036893677027215,8278.090454623569,12.921626984126984,1557785.56444442,1520651.3902474756,1594919.7386413643,876.0,58.43293492695883,0.5312084993359893,0.6405228758169934,1.0190206385130205,752.0
SURREY DOWNS,838500.0,839365.3243880833,-865.3243880833033,-0.10319909219836652,865.3243880833033,16.827458256029683,980609.1739650761,943474.9997681316,1017743.3481620206,828.0,296.21911283119977,0.39565346829413517,0.6436993367722919,3.19768359805923,3358.0
TAPEROO,797750.0,776802.5374086876,20947.46259131236,2.625817936861468,20947.46259131236,17.8169014084507,915204.6796371369,878070.5054401924,952338.8538340813,585.0,750.8458935712089,0.32513072900645956,0.47458893871449925,8.251598353529252,3250.0
TEA TREE GULLY,950500.0,949959.5693643508,540.4306356492452,0.05685751032606473,540.4306356492452,21.468538702427193,1153902.007170747,1116767.8329738027,1191036.1813676914,799.0,167.7142857142857,0.442,0.5957951848084097,2.4037752771565875,3499.0
TENNYSON,1637000.0,1860896.1777187488,-223896.1777187488,-13.677225272984044,223896.1777187488,8.418862690707352,2017562.4717375117,1980428.2975405673,2054696.645934456,1032.0,231.9859402460457,0.5333919156414763,0.6032504780114722,2.305888736149906,1137.0
TERINGIE,1380000.0,1426035.893374563,-46035.89337456296,-3.3359343025045627,46035.89337456296,15.697990222705055,1649894.8684887667,1612760.6942918224,1687029.042685711,978.0,72.11538461538461,0.5588942307692307,0.6130434782608696,1.4622994343406988,831.0
THEBARTON,1170000.0,1144597.9564309411,25402.04356905888,2.1711148349622973,25402.04356905888,,,,,831.0,784.4767844767845,0.5717255717255717,0.645933014354067,7.570032911020684,1442.0
TONSLEY,820000.0,860449.7080465269,-40449.70804652688,-4.9328912251862045,40449.70804652688,,,,,788.0,588.7096774193549,0.6129032258064516,0.6144578313253012,6.9092513510568265,743.0
TOORAK GARDENS,2850000.0,2694972.2894488666,155027.71055113338,5.439568791267837,155027.71055113338,9.593632174277335,2953518.0180972917,2916383.843900347,2990652.1922942363,1068.0,169.67370441458735,0.6337811900191939,0.5837471783295711,2.4199975616119924,2604.0
TORRENS PARK,1387500.0,1482818.8733440246,-95318.87334402464,-6.869828709479253,95318.87334402464,9.171597633136097,1618817.0540353404,1581682.879838396,1655951.2282322848,1001.0,245.53571428571428,0.5959821428571429,0.6350267379679144,3.078069092877195,2687.0
TORRENSVILLE,1045000.0,1071984.2089932594,-26984.20899325935,-2.582220956292761,26984.20899325935,11.10301263362488,1191006.7511482446,1153872.5769513003,1228140.925345189,799.0,557.7718316711262,0.5747993189005108,0.6615081598199212,5.513112867695444,4110.0
TRANMERE,1345067.0,1353892.0668744,-8825.066874400014,-0.6561061177175571,8825.066874400014,11.857473275024294,1514429.4568767059,1477295.2826797615,1551563.6310736502,831.0,208.8469905728789,0.5699782451051486,0.6221064814814815,2.9843183364494155,4136.0
TRINITY GARDENS,1380000.0,1471685.9134332573,-91685.91343325726,-6.643906770525889,91685.91343325726,1.485714285714287,1493550.96128998,1456416.7870930356,1530685.1354869243,923.0,370.7509881422925,0.5533596837944664,0.6819923371647509,3.8747427708154953,1264.0
TROTT PARK,921500.0,884158.2820866527,37341.7179133473,4.0522754111065975,37341.7179133473,15.804081632653062,1023891.3787494901,986757.2045525457,1061025.5529464346,766.0,84.48,0.44096,0.6246553761323356,1.834667707094257,3124.0
TUSMORE,2685000.0,2604153.8822308304,80846.11776916962,3.0110285947549205,80846.11776916962,26.95852534562212,3306195.366611031,3269061.1924140863,3343329.5408079755,1090.0,131.64893617021275,0.6389627659574468,0.6123417721518988,2.2551855172459176,1503.0
UNDERDALE,1100000.0,1102517.1971425202,-2517.197142520221,-0.22883610386547462,2517.197142520221,8.16326530612245,1192518.6009908894,1155384.426793945,1229652.7751878337,830.0,433.33333333333337,0.5267489711934157,0.6326234269119071,4.902870216174208,2429.0
UNLEY,2100000.0,2084356.6383582684,15643.361641731579,0.744921982939599,15643.361641731579,10.50767414403778,2303374.0419165753,2266239.8677196307,2340508.21611352,1066.0,450.72536268134064,0.6283141570785392,0.6414705882352941,4.686861108624446,3997.0
UNLEY PARK,2950000.0,2821851.07150268,128148.92849732004,4.3440314744854245,128148.92849732004,13.809523809523808,3211535.2670911453,3174401.0928942007,3248669.44128809,1346.0,195.8092485549133,0.6315028901734104,0.6166242578456319,2.696377159997921,1383.0
URAIDLA,865000.0,911265.7237065202,-46265.72370652016,-5.348638578788458,46265.72370652016,4.157782515991472,949154.1706410131,912019.9964440686,986288.3448379575,872.0,72.16494845360825,0.4742268041237113,0.6645702306079665,1.4027097798591126,581.0
URRBRAE,1455000.0,1484333.7472063922,-29333.747206392232,-2.016065100095686,29333.747206392232,4.068117313150425,1544718.1853614298,1507584.0111644855,1581852.3595583742,907.0,122.31559290382819,0.6265172735760971,0.5851428571428572,2.1479135440000174,1070.0
VALE PARK,1562500.0,1551984.144383519,10515.855616481043,0.6730147594547868,10515.855616481043,15.675934803451582,1795272.1670169851,1758137.9928200408,1832406.3412139295,890.0,201.38605788830006,0.5801059926620464,0.6149732620320856,2.472548296032209,2452.0
VALLEY VIEW,900000.0,930144.5879491395,-30144.58794913953,-3.3493986610155035,30144.58794913953,19.68300392168852,1113224.983672542,1076090.8094755977,1150359.1578694864,696.0,261.78582578832345,0.44161723384327195,0.5667044595616024,3.722605897689145,6405.0
VIRGINIA,848000.0,834713.5837855595,13286.416214440484,1.5667943649104343,13286.416214440484,8.35781041388518,904477.3626173032,867343.1884203587,941611.5368142476,832.0,432.24637681159425,0.33260869565217394,0.6378908072795147,4.383871160544294,2759.0
VISTA,895000.0,910709.288571652,-15709.288571652025,-1.7552277733689412,15709.288571652025,19.360902255639097,1087030.8237650357,1049896.6495680914,1124164.99796198,848.0,116.7953667953668,0.4777992277992278,0.6130177514792899,1.7422108679074468,1035.0
WALKERVILLE,2975000.0,2928754.4095375175,46245.590462482534,1.5544736289910095,46245.590462482534,21.13095238095238,3547628.109171933,3510493.9349749885,3584762.2833688776,981.0,494.4211994421199,0.5892608089260809,0.5192307692307693,4.95862467316589,2867.0
WALKLEY HEIGHTS,1115000.0,1118793.6053269291,-3793.6053269291297,-0.3402336616079937,3793.6053269291297,14.285714285714286,1278621.2632307762,1241487.0890338318,1315755.4374277205,715.0,182.41320432555491,0.4447922595332954,0.5736786839341967,2.3754695525363934,3513.0
WARRADALE,1235000.0,1246003.528915328,-11003.528915327974,-0.8909740012411315,11003.528915327974,14.542483660130717,1427203.3885124915,1390069.2143155471,1464337.5627094358,854.0,220.78593588417786,0.5125818683212685,0.608155661353757,2.723162430826791,5801.0
WATERFALL GULLY,1900000.0,1851162.1311199297,48837.86888007028,2.5704141515826464,48837.86888007028,,,,,1359.0,141.9753086419753,0.5555555555555556,0.6854838709677419,2.250678909548238,161.0
WATTLE PARK,1998750.0,2004645.4228069582,-5895.422806958202,-0.2949554875276149,5895.422806958202,18.91611295681063,2383846.4153686566,2346712.241171712,2420980.589565601,952.0,97.5609756097561,0.6240721102863203,0.5899419729206963,1.762966820123547,1885.0
WAYVILLE,1930000.0,1951741.4844527165,-21741.48445271654,-1.1265017851148467,21741.48445271654,8.576166785122009,2119126.0893737976,2081991.9151768533,2156260.263570742,979.0,673.9469578783152,0.6515860634425377,0.6464221286831028,6.654941977362211,1922.0
WELLAND,1750500.0,1705828.0512873377,44671.94871266233,2.551953653965286,44671.94871266233,,,,,676.0,997.7324263038548,0.4943310657596372,0.6013245033112583,9.665604344480018,881.0
WEST BEACH,1626000.0,1634018.127139689,-8018.127139688935,-0.4931197502883724,8018.127139688935,12.96187683284457,1845817.544205889,1808683.3700089448,1882951.7184028334,896.0,271.6383307573416,0.527047913446677,0.5958029197080292,3.4441760787745315,5175.0
WEST CROYDON,1236000.0,1265976.8657244323,-29976.865724432282,-2.4253127608763982,29976.865724432282,18.112712975098294,1495279.6217442441,1458145.4475472998,1532413.7959411885,784.0,380.62691491868964,0.5180296959698326,0.6241783366676193,4.376506864116633,4242.0
WEST HINDMARSH,1195000.0,1193559.6759291484,1440.3240708515514,0.12052921094992061,1440.3240708515514,,,,,851.0,335.0416399743754,0.5624599615631006,0.6483846731780616,4.239100392998109,1560.0
WEST LAKES,1350000.0,1375703.1665628906,-25703.166562890634,-1.9039382639178248,25703.166562890634,12.5,1547666.062383252,1510531.8881863076,1584800.2365801963,791.0,654.74959373615,0.4721524597429458,0.5124833555259654,6.196004481328185,6768.0
WEST LAKES SHORE,1355000.0,1383294.9421268003,-28294.942126800306,-2.088187610833971,28294.942126800306,17.447306791569087,1624642.6545119213,1587508.480314977,1661776.8287088657,849.0,232.31387086808775,0.46709916589434664,0.5796460176991151,2.698603716787574,3236.0
WEST RICHMOND,886000.0,871027.645668979,14972.354331020964,1.6898819786705377,14972.354331020964,10.532212885154063,962766.1315993813,925631.9574024369,999900.3057963258,724.0,482.5367647058824,0.4880514705882353,0.5982436882546652,5.430231878990117,1087.0
WESTBOURNE PARK,2567500.0,2509803.912116955,57696.087883044966,2.247169927285101,57696.087883044966,24.527588813303094,3125398.295701197,3088264.1215042523,3162532.4698981415,884.0,156.33528265107213,0.5637426900584795,0.6011209715086409,2.1895670181040674,2564.0
WILLASTON,720000.0,709756.7850053157,10243.214994684327,1.422668749261712,10243.214994684327,19.772942289498584,850096.5845002173,812962.4103032729,887230.7586971618,713.0,295.17201503324657,0.34113905753107837,0.5493257629524485,4.059014538032188,3458.0
WILLUNGA,961500.0,954360.6893852656,7139.310614734422,0.742518004652566,7139.310614734422,10.802348336594912,1057454.0554401905,1020319.881243246,1094588.2296371348,780.0,152.08503679476695,0.4832379394930499,0.5911354581673307,2.244378675114499,2445.0
WINDSOR GARDENS,994500.0,991103.9519120192,3396.048087980831,0.341482965106167,3396.048087980831,18.3743842364532,1173213.200219006,1136079.0260220617,1210347.3744159504,777.0,327.3850377487989,0.5274536719286205,0.6274796408435999,4.0557103787831466,5827.0
WOODCROFT,905000.0,916721.2287916136,-11721.228791613597,-1.2951634023882428,11721.228791613597,19.692134409611413,1097243.2053266997,1060109.0311297553,1134377.379523644,771.0,135.07548335834733,0.4146729054471616,0.6198567917067436,1.9535543509093034,11326.0
WOODFORDE,1179000.0,1221150.1521455245,-42150.15214552451,-3.5750765178561927,42150.15214552451,2.473347547974414,1251353.4394907018,1214219.2652937574,1288487.613687646,928.0,183.41463414634146,0.5785365853658536,0.6611764705882353,2.8937605213897695,1024.0
WOODSIDE,800000.0,842379.7876473574,-42379.78764735744,-5.29747345591968,42379.78764735744,,,,,757.0,99.55588452997779,0.4274611398963731,0.5755864465682016,1.4794829327652594,2701.0
WOODVILLE,1665500.0,1681219.0274004021,-15719.02740040212,-0.9438023056380739,15719.02740040212,23.036414565826334,2068511.6123119125,2031377.4381149681,2105645.786508857,750.0,722.6043099495644,0.5167354424575883,0.5955295369877595,7.117782578008236,2180.0
WOODVILLE GARDENS,1011000.0,1067101.757420642,-56101.75742064207,-5.549135254267267,56101.75742064207,19.06961398878258,1270593.9434282735,1233459.7692313292,1307728.117625218,517.0,490.26108578532944,0.45047658516369665,0.4681064791562029,6.874182546479603,2412.0
WOODVILLE NORTH,900000.0,895310.5523678253,4689.447632174706,0.5210497369083007,4689.447632174706,14.285714285714286,1023212.0598489431,986077.8856519987,1060346.2340458876,643.0,518.0014695077149,0.4790595150624541,0.5637878123629987,6.20384882228749,2721.0
WOODVILLE PARK,1050000.0,1072009.3888013407,-22009.388801340712,-2.0961322667943536,22009.388801340712,11.801242236024844,1198519.8135667162,1161385.6393697718,1235653.9877636605,847.0,614.6788990825688,0.5051268213707502,0.6284403669724771,6.764253943836642,1852.0
WOODVILLE SOUTH,1055000.0,1052022.5934332588,2977.406566741178,0.2822186319185951,2977.406566741178,11.477411477411477,1172767.5553169297,1135633.3811199854,1209901.729513874,862.0,515.4401154401155,0.4909090909090909,0.653068340306834,5.252643035964634,3464.0
WOODVILLE WEST,1073000.0,1068596.8974061615,4403.10259383847,0.41035438898774185,4403.10259383847,15.69682151589242,1236332.6451163709,1199198.4709194265,1273466.8193133152,845.0,388.58625162127106,0.514396887159533,0.658359621451104,4.262403256779285,3854.0
WYNN VALE,897000.0,885301.3369460342,11698.663053965778,1.3041987797063297,11698.663053965778,13.212752912323726,1002274.0151262123,965139.8409292678,1039408.1893231567,813.0,123.69692346809052,0.45258072718026954,0.6228029955677824,2.0693497609438274,7865.0
