Suburb,G01_Population_Total,Current_Price_2025,Indian_Population,Indian_Percent,Chinese_Population,Chinese_Percent,Vietnamese_Population,Vietnamese_Percent,Italian_Population,Italian_Percent,Greek_Population,Greek_Percent,Cultural_Diversity_Index
ABERFOYLE PARK,11234.0,880000.0,159.0,1.4153462702510236,165.0,1.4687555634680434,9.0,0.08011393982552964,113.0,1.0058750222538722,46.0,0.4094712479971515,0.9994653682523383
ADELAIDE,18202.0,1130000.0,732.0,4.021536094934622,4562.0,25.063179870343916,394.0,2.1645972970003298,320.0,1.7580485660916385,157.0,0.86254257773871,0.9347144066306595
ALBERT PARK,1780.0,980000.0,49.0,2.752808988764045,31.0,1.741573033707865,29.0,1.6292134831460674,106.0,5.955056179775281,49.0,2.752808988764045,0.9943693978033077
ALBERTON,1860.0,976900.0,11.0,0.5913978494623656,26.0,1.3978494623655915,14.0,0.7526881720430108,59.0,3.1720430107526885,45.0,2.4193548387096775,0.9981214591282229
ALDGATE,3471.0,1420000.0,12.0,0.34572169403630076,22.0,0.6338231057332181,3.0,0.08643042350907519,36.0,1.0371650821089022,19.0,0.547392682224143,0.9998095924406705
ALDINGA,764.0,,0.0,0.0,13.0,1.7015706806282722,0.0,0.0,9.0,1.1780104712041886,10.0,1.3089005235602094,0.9994003727967984
ALDINGA BEACH,10667.0,800000.0,24.0,0.22499296896971968,36.0,0.33748945345457954,5.0,0.04687353520202494,97.0,0.9093465829192838,25.0,0.2343676760101247,0.9998951442488994
ALLENBY GARDENS,2045.0,1200000.0,58.0,2.8361858190709044,60.0,2.93398533007335,44.0,2.15158924205379,153.0,7.481662591687041,126.0,6.161369193154035,0.9884780698345897
ANDREWS FARM,8699.0,707500.0,98.0,1.1265662719852858,58.0,0.6667433038280263,31.0,0.35636280032187606,62.0,0.7127256006437521,17.0,0.19542476146683527,0.9997613138736965
ANGLE PARK,1555.0,900000.0,85.0,5.466237942122187,81.0,5.209003215434083,259.0,16.65594855305466,30.0,1.929260450160772,6.0,0.3858520900321543,0.9661694978339761
ANGLE VALE,4051.0,787500.0,12.0,0.2962231547765984,10.0,0.24685262898049865,8.0,0.1974821031843989,132.0,3.258454702542582,15.0,0.37027894347074797,0.9989057682896562
ASCOT PARK,3588.0,1121000.0,160.0,4.459308807134894,231.0,6.438127090301003,27.0,0.7525083612040134,69.0,1.9230769230769231,39.0,1.0869565217391304,0.9933219116365837
ASHFORD,1157.0,,132.0,11.408815903197926,110.0,9.507346585998272,14.0,1.2100259291270528,19.0,1.6421780466724287,26.0,2.247191011235955,0.9770238501653533
ASHTON,481.0,1205000.0,0.0,0.0,0.0,0.0,0.0,0.0,26.0,5.405405405405405,0.0,0.0,0.9970781592403214
ATHELSTONE,9601.0,1085000.0,210.0,2.1872721591500883,467.0,4.864076658681387,36.0,0.3749609415685866,1354.0,14.102697635662953,162.0,1.6873242370586399,0.9769682859368677
ATHOL PARK,2023.0,906500.0,87.0,4.300543746910529,163.0,8.05734058329214,463.0,22.886801779535343,31.0,1.532377656945131,15.0,0.7414730598121602,0.9389880926928068
AULDANA,629.0,2118000.0,19.0,3.0206677265500796,160.0,25.43720190779014,4.0,0.6359300476947536,70.0,11.128775834658187,21.0,3.338632750397456,0.9208423798342437
BALHANNAH,1756.0,1550000.0,0.0,0.0,0.0,0.0,0.0,0.0,20.0,1.1389521640091116,4.0,0.22779043280182232,0.9998650899486823
BANKSIA PARK,3346.0,880000.0,17.0,0.5080693365212193,20.0,0.5977286312014346,0.0,0.0,55.0,1.6437537358039451,16.0,0.47818290496114757,0.9996454000798163
BASKET RANGE,364.0,1050000.0,0.0,0.0,0.0,0.0,0.0,0.0,15.0,4.1208791208791204,0.0,0.0,0.9983018355271103
BEAUMONT,2731.0,1975750.0,89.0,3.2588795313072136,390.0,14.280483339436104,22.0,0.8055657268399854,74.0,2.709630172098133,33.0,1.2083485902599782,0.9775996361667127
BEDFORD PARK,1882.0,1120000.0,89.0,4.729011689691817,227.0,12.06163655685441,57.0,3.028692879914984,26.0,1.381509032943677,29.0,1.5409139213602552,0.9818697408527117
BELAIR,4718.0,1203250.0,28.0,0.5934718100890208,93.0,1.9711742263671048,14.0,0.2967359050445104,37.0,0.7842306061890632,18.0,0.38151759220008474,0.9994913637865751
BELLEVUE HEIGHTS,2712.0,1115000.0,59.0,2.1755162241887906,121.0,4.461651917404129,5.0,0.18436578171091444,39.0,1.4380530973451326,15.0,0.5530973451327433,0.9972952887200772
BEULAH PARK,1601.0,1617500.0,26.0,1.6239850093691444,76.0,4.747033104309806,15.0,0.9369144284821986,132.0,8.244846970643348,38.0,2.373516552154903,0.9900339458356953
BEVERLEY,1578.0,895000.0,58.0,3.67553865652725,49.0,3.1051964512040557,22.0,1.394169835234474,74.0,4.689480354879595,44.0,2.788339670468948,0.9945138396937613
BIRDWOOD,1376.0,685000.0,0.0,0.0,4.0,0.29069767441860467,0.0,0.0,8.0,0.5813953488372093,5.0,0.3633720930232558,0.999944543503245
BIRKENHEAD,1798.0,950000.0,9.0,0.5005561735261401,5.0,0.27808676307007785,10.0,0.5561735261401557,36.0,2.0022246941045605,31.0,1.7241379310344827,0.9992381226947257
BLACK FOREST,1982.0,1800000.0,56.0,2.825428859737639,63.0,3.1786074672048437,15.0,0.756811301715439,33.0,1.6649848637739657,70.0,3.5317860746720484,0.9966094955507743
BLACKWOOD,4266.0,1100000.0,33.0,0.7735583684950774,52.0,1.2189404594467885,13.0,0.30473511486169713,33.0,0.7735583684950774,15.0,0.35161744022503516,0.9997100900742886
BLAIR ATHOL,5274.0,875500.0,418.0,7.9256731133864236,221.0,4.190367842244975,261.0,4.948805460750854,97.0,1.839211224876754,82.0,1.5547971179370497,0.9889333755550407
BLAKEVIEW,8979.0,720000.0,154.0,1.7151130415413742,47.0,0.5234435906002896,22.0,0.2450161487916249,59.0,0.6570887626684485,21.0,0.23387905111927834,0.9996237896096448
BOWDEN,1808.0,957500.0,27.0,1.4933628318584071,156.0,8.628318584070795,16.0,0.8849557522123894,31.0,1.7146017699115044,17.0,0.9402654867256638,0.9918714880765918
BRADBURY,178.0,,0.0,0.0,0.0,0.0,0.0,0.0,0.0,0.0,0.0,0.0,0.0
BRAHMA LODGE,3380.0,735000.0,46.0,1.36094674556213,46.0,1.36094674556213,87.0,2.57396449704142,88.0,2.603550295857988,14.0,0.41420118343195267,0.998272031791604
BRIDGEWATER,3719.0,1060000.0,9.0,0.24200053777897285,24.0,0.6453347674105943,0.0,0.0,35.0,0.9411132024737833,5.0,0.13444474321054048,0.9998621209328838
BRIGHTON,3834.0,1399000.0,29.0,0.7563901930099113,35.0,0.9128847157016171,7.0,0.1825769431403234,67.0,1.7475221700573813,37.0,0.9650495565988524,0.9994576026650057
BROADVIEW,4450.0,1180000.0,371.0,8.337078651685394,251.0,5.640449438202247,94.0,2.1123595505617976,171.0,3.842696629213483,83.0,1.8651685393258428,0.9875971215755587
BROMPTON,3729.0,1126500.0,92.0,2.467149369804237,217.0,5.819254491820863,96.0,2.574416733708769,109.0,2.923035666398498,196.0,5.256100831322071,0.9917251096171635
BROOKLYN PARK,5040.0,1300000.0,448.0,8.88888888888889,219.0,4.345238095238095,32.0,0.6349206349206349,259.0,5.138888888888888,206.0,4.087301587301587,0.9858589222726127
BURNSIDE,3060.0,1911500.0,94.0,3.071895424836601,320.0,10.457516339869281,11.0,0.35947712418300654,84.0,2.7450980392156863,33.0,1.0784313725490196,0.9872376009227221
BURTON,6519.0,736000.0,94.0,1.4419389476913635,138.0,2.1168890934192364,413.0,6.335327504218438,86.0,1.319220739377205,34.0,0.5215523853351741,0.9951290857801735
CALLINGTON,625.0,,0.0,0.0,3.0,0.48,0.0,0.0,3.0,0.48,0.0,0.0,0.99995392
CAMDEN PARK,3338.0,1180000.0,176.0,5.272618334331936,129.0,3.8645895745955663,4.0,0.11983223487118035,67.0,2.0071899340922705,83.0,2.486518873576992,0.9947038496015704
CAMPBELLTOWN,9263.0,1165000.0,607.0,6.552952607146713,1112.0,12.00475008096729,65.0,0.7017165065313613,1049.0,11.32462485155997,118.0,1.2738853503184715,0.9682582469652141
CAREY GULLY,428.0,,0.0,0.0,10.0,2.336448598130841,0.0,0.0,8.0,1.8691588785046727,13.0,3.0373831775700935,0.9981821556467814
CHANDLERS HILL,792.0,,3.0,0.3787878787878788,0.0,0.0,0.0,0.0,10.0,1.2626262626262625,7.0,0.8838383838383838,0.9997481124375064
CHARLESTON,550.0,,0.0,0.0,0.0,0.0,0.0,0.0,0.0,0.0,0.0,0.0,0.0
CHELTENHAM,2236.0,1027500.0,31.0,1.3864042933810377,27.0,1.2075134168157424,24.0,1.073345259391771,84.0,3.7567084078711988,53.0,2.370304114490161,0.9975736524780706
CHERRYVILLE,125.0,,0.0,0.0,0.0,0.0,0.0,0.0,0.0,0.0,0.0,0.0,0.0
CHRISTIE DOWNS,5239.0,716000.0,35.0,0.6680664248902463,31.0,0.591715976331361,5.0,0.09543806069860661,28.0,0.5344531399121969,21.0,0.40083985493414775,0.9998748138283793
CHRISTIES BEACH,5962.0,920000.0,29.0,0.48641395504864143,35.0,0.587051325058705,9.0,0.15095605501509562,81.0,1.3586044951358605,30.0,0.5031868500503187,0.9997296981295268
CLAPHAM,1685.0,1022000.0,29.0,1.7210682492581602,58.0,3.4421364985163203,4.0,0.2373887240356083,29.0,1.7210682492581602,23.0,1.3649851632047478,0.9980308006586305
CLARENCE GARDENS,2373.0,1290000.0,40.0,1.685630004214075,142.0,5.983986514959967,9.0,0.37926675094816686,38.0,1.6013485040033713,54.0,2.275600505689001,0.995346403891653
CLARENCE PARK,2658.0,1226000.0,52.0,1.9563581640331076,69.0,2.595936794582393,13.0,0.4890895410082769,61.0,2.2949586155003763,78.0,2.9345372460496613,0.9975316222418118
CLARENDON,643.0,1057500.0,0.0,0.0,0.0,0.0,0.0,0.0,5.0,0.7776049766718507,0.0,0.0,0.9999395330500255
CLEARVIEW,4261.0,942500.0,524.0,12.297582727059375,100.0,2.346866932644919,79.0,1.854024876789486,92.0,2.1591175780333254,41.0,0.9622154423844167,0.9834236619154499
CLOVELLY PARK,3126.0,978000.0,210.0,6.71785028790787,228.0,7.293666026871401,31.0,0.9916826615483045,45.0,1.4395393474088292,62.0,1.983365323096609,0.9894683477358902
COLLEGE PARK,755.0,3300000.0,15.0,1.9867549668874174,42.0,5.562913907284768,0.0,0.0,20.0,2.6490066225165565,30.0,3.9735099337748347,0.9942300776281742
COLLINSWOOD,1496.0,,110.0,7.352941176470589,67.0,4.478609625668449,25.0,1.6711229946524064,54.0,3.6096256684491976,24.0,1.6042780748663104,0.9907480554205154
COLONEL LIGHT GARDENS,3311.0,1662000.0,29.0,0.8758683177287828,48.0,1.4497130776200544,5.0,0.15101177891875567,74.0,2.234974327997584,79.0,2.3859861069163393,0.9986420342175998
COROMANDEL VALLEY,4380.0,1150000.0,15.0,0.3424657534246575,28.0,0.6392694063926941,0.0,0.0,40.0,0.91324200913242,18.0,0.410958904109589,0.999847115364567
COWANDILLA,1455.0,1000000.0,61.0,4.192439862542955,52.0,3.5738831615120272,23.0,1.5807560137457044,52.0,3.5738831615120272,126.0,8.65979381443299,0.9879387347811197
CRAFERS,2006.0,1362000.0,6.0,0.29910269192422734,21.0,1.0468594217347957,3.0,0.14955134596211367,30.0,1.4955134596211366,8.0,0.3988035892323031,0.9996396652515037
CRAFERS WEST,1307.0,1276000.0,0.0,0.0,18.0,1.3771996939556235,0.0,0.0,20.0,1.5302218821729152,6.0,0.45906656465187456,0.9995550999883507
CRAIGBURN FARM,3099.0,1526000.0,83.0,2.6782833171990967,112.0,3.6140690545337204,6.0,0.1936108422071636,42.0,1.3552758954501452,22.0,0.7099064214262665,0.9977387078303684
CRAIGMORE,10943.0,727000.0,59.0,0.5391574522525816,50.0,0.4569130951293064,16.0,0.14621219044137804,84.0,0.7676139998172348,18.0,0.1644887142465503,0.9998862873870716
CROYDON,1220.0,1545500.0,4.0,0.32786885245901637,25.0,2.0491803278688523,34.0,2.7868852459016393,120.0,9.836065573770492,82.0,6.721311475409836,0.9846002418704649
CROYDON PARK,4230.0,1050000.0,247.0,5.839243498817967,281.0,6.643026004728132,618.0,14.609929078014183,143.0,3.380614657210402,252.0,5.957446808510639,0.9661403685260634
CUMBERLAND PARK,2571.0,1601000.0,38.0,1.4780241151302995,131.0,5.095293660054454,0.0,0.0,50.0,1.9447685725398678,85.0,3.3061065733177757,0.9957140961758029
DARLINGTON,1275.0,980000.0,61.0,4.784313725490196,62.0,4.862745098039216,24.0,1.8823529411764703,27.0,2.1176470588235294,22.0,1.7254901960784312,0.9942459054209919
DAVOREN PARK,6392.0,638750.0,13.0,0.20337922403003755,34.0,0.5319148936170213,54.0,0.8448060075093867,43.0,0.6727158948685857,7.0,0.1095118898623279,0.9998497466717627
DAW PARK,2705.0,1870000.0,63.0,2.32902033271719,89.0,3.2902033271719042,8.0,0.29574861367837335,44.0,1.6266173752310535,85.0,3.1423290203327174,0.9971142643355736
DERNANCOURT,4063.0,990000.0,143.0,3.5195668225449173,200.0,4.922471080482403,6.0,0.14767413241447205,360.0,8.860447944868325,69.0,1.698252522766429,0.9881968520779267
DEVON PARK,1185.0,1073500.0,31.0,2.6160337552742616,52.0,4.388185654008439,46.0,3.8818565400843887,29.0,2.447257383966245,31.0,2.6160337552742616,0.9945998682547312
DIREK,913.0,775000.0,16.0,1.7524644030668126,23.0,2.5191675794085433,27.0,2.9572836801752467,7.0,0.7667031763417306,3.0,0.32858707557502737,0.9981141333230962
DOVER GARDENS,3062.0,1040000.0,90.0,2.939255388634879,156.0,5.094709340300457,10.0,0.32658393207054215,41.0,1.3389941214892227,17.0,0.5551926845199217,0.9963196913259222
DRY CREEK,232.0,688000.0,4.0,1.7241379310344827,15.0,6.4655172413793105,15.0,6.4655172413793105,4.0,1.7241379310344827,0.0,0.0,0.991044887039239
DUDLEY PARK,670.0,820000.0,40.0,5.970149253731343,30.0,4.477611940298507,41.0,6.119402985074627,14.0,2.0895522388059704,11.0,1.6417910447761193,0.9899799509913121
DULWICH,1659.0,2150000.0,20.0,1.2055455093429777,61.0,3.676913803496082,3.0,0.18083182640144665,49.0,2.9535864978902953,24.0,1.4466546112115732,0.9974177781992464
EASTWOOD,712.0,1390000.0,5.0,0.7022471910112359,28.0,3.932584269662921,3.0,0.42134831460674155,22.0,3.089887640449438,11.0,1.544943820224719,0.9971929838404242
ECHUNGA,1219.0,,0.0,0.0,4.0,0.3281378178835111,0.0,0.0,9.0,0.7383100902378998,3.0,0.2461033634126333,0.9999286656917644
EDEN HILLS,3020.0,1177500.0,44.0,1.456953642384106,55.0,1.8211920529801324,19.0,0.6291390728476821,18.0,0.5960264900662252,27.0,0.8940397350993378,0.9993010174992325
EDWARDSTOWN,4514.0,1161250.0,168.0,3.721754541426672,294.0,6.513070447496677,37.0,0.819672131147541,66.0,1.4621178555604786,58.0,1.2848914488258751,0.9939267859417921
ELIZABETH,1033.0,667000.0,5.0,0.48402710551790895,9.0,0.8712487899322363,13.0,1.2584704743465636,8.0,0.7744433688286544,0.0,0.0,0.9996823132840841
ELIZABETH DOWNS,5160.0,635000.0,3.0,0.05813953488372093,11.0,0.2131782945736434,9.0,0.1744186046511628,13.0,0.25193798449612403,8.0,0.15503875968992248,0.9999833243194519
ELIZABETH EAST,4607.0,681000.0,27.0,0.5860646841762536,40.0,0.8682439765574127,43.0,0.9333622747992185,27.0,0.5860646841762536,3.0,0.06511829824180596,0.999768380324031
ELIZABETH GROVE,2531.0,615000.0,7.0,0.2765705254839984,10.0,0.39510075069142636,9.0,0.3555906756222837,27.0,1.066772026866851,0.0,0.0,0.9998502956855342
ELIZABETH NORTH,3588.0,625000.0,25.0,0.6967670011148273,19.0,0.5295429208472687,25.0,0.6967670011148273,29.0,0.8082497212931996,12.0,0.33444816053511706,0.999798349260324
ELIZABETH PARK,4428.0,637000.0,23.0,0.5194218608852755,37.0,0.8355916892502258,19.0,0.4290876242095754,24.0,0.5420054200542005,0.0,0.0,0.9998554101394672
ELIZABETH SOUTH,2933.0,620000.0,26.0,0.8864643709512444,19.0,0.647800886464371,19.0,0.647800886464371,28.0,0.9546539379474941,9.0,0.3068530514831231,0.9997369366005583
ELIZABETH VALE,4331.0,685000.0,34.0,0.7850380974370815,12.0,0.2770722696836758,14.0,0.32325098129762175,36.0,0.8312168090510275,10.0,0.23089355806972986,0.9998458221727228
ENFIELD,6204.0,993000.0,764.0,12.314635718891038,229.0,3.6911669890393295,210.0,3.3849129593810443,151.0,2.4339136041263703,68.0,1.096067053513862,0.9816142099209304
ERINDALE,1172.0,2000000.0,37.0,3.1569965870307164,120.0,10.238907849829351,8.0,0.6825938566552902,49.0,4.180887372013651,17.0,1.4505119453924915,0.9865148400097846
ETHELTON,1487.0,930000.0,11.0,0.7397444519166106,5.0,0.3362474781439139,5.0,0.3362474781439139,30.0,2.0174848688634834,26.0,1.7484868863483525,0.9992099201824917
EVANDALE,1378.0,1232500.0,42.0,3.0478955007256894,58.0,4.2089985486211905,3.0,0.21770682148040638,147.0,10.667634252539914,23.0,1.6690856313497822,0.98563630005835
EVANSTON,2580.0,700000.0,11.0,0.4263565891472868,6.0,0.23255813953488372,6.0,0.23255813953488372,23.0,0.8914728682170543,3.0,0.11627906976744186,0.999890180878553
EVANSTON GARDENS,2347.0,667500.0,6.0,0.2556455048998722,8.0,0.34086067319982954,0.0,0.0,34.0,1.4486578610992757,8.0,0.34086067319982954,0.9997603663780231
EVANSTON PARK,4228.0,767500.0,9.0,0.21286660359508044,28.0,0.6622516556291391,12.0,0.28382213812677387,57.0,1.348155156102176,8.0,0.1892147587511826,0.9997582230997746
EVANSTON SOUTH,765.0,751250.0,6.0,0.7843137254901961,9.0,1.1764705882352942,0.0,0.0,12.0,1.5686274509803921,3.0,0.39215686274509803,0.9995386389850057
EVERARD PARK,1071.0,,51.0,4.761904761904762,56.0,5.228758169934641,7.0,0.6535947712418301,28.0,2.6143790849673203,28.0,2.6143790849673203,0.9935887208914067
EXETER,1066.0,1200000.0,6.0,0.5628517823639775,6.0,0.5628517823639775,5.0,0.46904315196998125,18.0,1.6885553470919326,9.0,0.8442776735459663,0.9995582370313528
EYRE,1113.0,749000.0,24.0,2.15633423180593,14.0,1.257861635220126,7.0,0.628930817610063,6.0,0.5390835579514826,3.0,0.2695417789757413,0.9993009188960976
FAIRVIEW PARK,3792.0,890000.0,16.0,0.42194092827004215,14.0,0.3691983122362869,3.0,0.07911392405063292,61.0,1.608649789029536,8.0,0.21097046413502107,0.9997047136765832
FELIXSTOW,2477.0,1476250.0,93.0,3.754541784416633,343.0,13.847396043601131,31.0,1.2515139281388776,260.0,10.496568429551877,26.0,1.0496568429551878,0.9681307023404175
FERRYDEN PARK,4495.0,902500.0,297.0,6.607341490545051,398.0,8.85428253615128,902.0,20.06674082313682,116.0,2.5806451612903225,102.0,2.2691879866518354,0.9463461688367126
FINDON,6997.0,1085000.0,470.0,6.717164499071031,224.0,3.2013720165785338,95.0,1.3577247391739318,715.0,10.218665142203802,227.0,3.2442475346577107,0.98278412424819
FIRLE,1508.0,1184000.0,88.0,5.835543766578249,205.0,13.59416445623342,11.0,0.7294429708222812,183.0,12.13527851458886,48.0,3.183023872679045,0.9623216409036861
FITZROY,783.0,,16.0,2.0434227330779056,42.0,5.363984674329502,55.0,7.0242656449553005,60.0,7.662835249042145,41.0,5.236270753512133,0.983157420863855
FLAGSTAFF HILL,10184.0,1015500.0,203.0,1.993322859387274,289.0,2.837784760408484,12.0,0.1178318931657502,153.0,1.5023566378633149,70.0,0.6873527101335428,0.998523022806133
FLINDERS PARK,5489.0,1323000.0,201.0,3.661869192931317,153.0,2.7873929677536893,46.0,0.8380397157952268,483.0,8.799417015849881,262.0,4.773182729094553,0.9877905830707773
FOREST RANGE,290.0,,0.0,0.0,4.0,1.3793103448275863,0.0,0.0,0.0,0.0,0.0,0.0,0.9998097502972652
FORESTVILLE,1400.0,1503850.0,26.0,1.8571428571428572,56.0,4.0,11.0,0.7857142857142858,33.0,2.357142857142857,51.0,3.642857142857143,0.9961107142857143
FREWVILLE,896.0,2312500.0,48.0,5.357142857142857,130.0,14.508928571428573,16.0,1.7857142857142856,18.0,2.0089285714285716,13.0,1.4508928571428572,0.9751462352519132
FULHAM,2920.0,1581000.0,46.0,1.5753424657534247,66.0,2.26027397260274,25.0,0.8561643835616438,212.0,7.260273972602739,75.0,2.5684931506849313,0.9932367705010321
FULHAM GARDENS,6573.0,1330000.0,180.0,2.738475581926061,183.0,2.784116841624829,29.0,0.44119884375475427,800.0,12.17100258633805,448.0,6.815761448349308,0.9789966880402193
FULLARTON,4500.0,1756500.0,166.0,3.6888888888888887,318.0,7.066666666666667,19.0,0.42222222222222217,116.0,2.577777777777778,76.0,1.6888888888888887,0.9926778765432098
GAWLER,668.0,635000.0,0.0,0.0,0.0,0.0,4.0,0.5988023952095809,7.0,1.0479041916167664,0.0,0.0,0.9998543332496683
GAWLER EAST,5689.0,760000.0,21.0,0.3691334153629812,23.0,0.40428897873088415,5.0,0.08788890841975742,48.0,0.8437335208296712,17.0,0.29882228862717525,0.9998891385468764
GAWLER SOUTH,2618.0,707500.0,0.0,0.0,9.0,0.3437738731856379,8.0,0.30557677616501144,39.0,1.489686783804431,3.0,0.1145912910618793,0.9997556144480154
GAWLER WEST,975.0,648000.0,4.0,0.41025641025641024,0.0,0.0,0.0,0.0,7.0,0.717948717948718,0.0,0.0,0.9999316239316239
GEPPS CROSS,648.0,,76.0,11.728395061728394,37.0,5.709876543209877,71.0,10.95679012345679,10.0,1.5432098765432098,10.0,1.5432098765432098,0.9705027815881725
GILBERTON,1528.0,4037900.0,41.0,2.6832460732984296,87.0,5.693717277486911,35.0,2.2905759162303663,39.0,2.5523560209424083,11.0,0.7198952879581152,0.9948102265562896
GILLES PLAINS,4101.0,875000.0,369.0,8.997805413313825,222.0,5.4133138258961235,50.0,1.21921482565228,86.0,2.0970495001219214,26.0,0.6339917093391856,0.988344948428194
GILLMAN,76.0,1134000.0,0.0,0.0,0.0,0.0,9.0,11.842105263157894,0.0,0.0,0.0,0.0,0.9859764542936288
GLANDORE,3041.0,1386500.0,97.0,3.1897402170338705,185.0,6.083525156198618,22.0,0.7234462347911871,68.0,2.236106543900033,105.0,3.452811575139757,0.993537082431801
GLANVILLE,728.0,1035000.0,3.0,0.4120879120879121,5.0,0.6868131868131868,0.0,0.0,33.0,4.532967032967033,14.0,1.9230769230769231,0.9975112456225094
GLEN OSMOND,2154.0,1605500.0,118.0,5.478180129990715,257.0,11.931290622098421,15.0,0.6963788300835655,46.0,2.1355617455896008,23.0,1.0677808727948004,0.9821448123117881
GLENALTA,2039.0,1020000.0,7.0,0.34330554193231977,20.0,0.980872976949485,0.0,0.0,20.0,0.980872976949485,8.0,0.392349190779794,0.9997803979823553
GLENELG,3440.0,2475000.0,74.0,2.1511627906976747,60.0,1.744186046511628,0.0,0.0,107.0,3.11046511627907,62.0,1.802325581395349,0.9979406942942131
GLENELG EAST,3855.0,1665500.0,75.0,1.9455252918287937,47.0,1.2191958495460442,8.0,0.20752269779507135,61.0,1.5823605706874189,54.0,1.4007782101167316,0.99902193825796
GLENELG NORTH,6594.0,1422500.0,119.0,1.8046709129511678,132.0,2.001819836214741,19.0,0.28814073400060664,155.0,2.35062177737337,85.0,1.289050652107977,0.9985465780832733
GLENELG SOUTH,2184.0,2100000.0,22.0,1.0073260073260073,15.0,0.6868131868131868,0.0,0.0,51.0,2.3351648351648353,23.0,1.0531135531135531,0.9991951538998243
GLENGOWRIE,5767.0,1415000.0,72.0,1.2484827466620427,86.0,1.4912432807352176,10.0,0.17340038148083928,93.0,1.6126235477718052,43.0,0.7456216403676088,0.9993030910279239
GLENSIDE,2852.0,1855000.0,182.0,6.38148667601683,424.0,14.866760168302944,24.0,0.8415147265077139,57.0,1.9985974754558204,28.0,0.9817671809256662,0.973258966420061
GLENUNGA,2184.0,1739500.0,146.0,6.684981684981685,375.0,17.17032967032967,35.0,1.6025641025641024,47.0,2.152014652014652,26.0,1.1904761904761905,0.9651874186558252
GLYNDE,2102.0,1120000.0,53.0,2.521408182683159,167.0,7.944814462416747,19.0,0.9039010466222646,338.0,16.079923882017127,22.0,1.0466222645099905,0.9670046016615954
GOLDEN GROVE,10299.0,940000.0,137.0,1.3302262355568502,182.0,1.7671618603747936,34.0,0.3301291387513351,209.0,2.0293232352655597,36.0,0.34954849985435477,0.9990758314926281
GOODWOOD,2823.0,2220000.0,59.0,2.089975203684024,81.0,2.869287991498406,9.0,0.3188097768331562,83.0,2.9401346085724405,144.0,5.100956429330499,0.9952633402385571
GRANGE,6143.0,1505000.0,53.0,0.8627706332410874,36.0,0.5860328829562104,13.0,0.21162298551196485,306.0,4.981279505127787,150.0,2.4418036789842095,0.9968091857291607
GREEN FIELDS,170.0,853000.0,14.0,8.235294117647058,14.0,8.235294117647058,0.0,0.0,0.0,0.0,0.0,0.0,0.9864359861591696
GREENACRES,3356.0,898500.0,723.0,21.543504171632897,227.0,6.764004767580453,56.0,1.66865315852205,65.0,1.936829558998808,22.0,0.6555423122765197,0.9483160219683743
GREENHILL,454.0,1350000.0,7.0,1.5418502202643172,4.0,0.881057268722467,0.0,0.0,4.0,0.881057268722467,0.0,0.0,0.9996070174076733
GREENWITH,10103.0,1100000.0,93.0,0.9205186578244086,62.0,0.6136791052162723,31.0,0.30683955260813617,220.0,2.177571018509354,54.0,0.5344947045432049,0.9993654392715536
GULFVIEW HEIGHTS,3674.0,991500.0,37.0,1.0070767555797495,88.0,2.3952095808383236,52.0,1.4153511159499184,189.0,5.1442569406641265,75.0,2.0413718018508438,0.9960614970385848
GUMERACHA,847.0,740000.0,3.0,0.3541912632821724,0.0,0.0,0.0,0.0,8.0,0.9445100354191263,0.0,0.0,0.9998982449342008
HACKHAM,4491.0,750000.0,12.0,0.26720106880427524,11.0,0.2449343130705856,4.0,0.0890670229347584,46.0,1.0242707637497217,13.0,0.2894678245379648,0.9998727755617621
HACKHAM WEST,3620.0,755000.0,8.0,0.22099447513812157,17.0,0.4696132596685083,10.0,0.2762430939226519,16.0,0.44198895027624313,10.0,0.2762430939226519,0.9999382650102255
HACKNEY,575.0,3900000.0,0.0,0.0,33.0,5.739130434782608,0.0,0.0,11.0,1.9130434782608694,4.0,0.6956521739130435,0.9962918714555765
HAHNDORF,2814.0,,17.0,0.6041222459132907,28.0,0.9950248756218906,8.0,0.28429282160625446,40.0,1.4214641080312722,9.0,0.31982942430703626,0.9996441288329396
HALLETT COVE,12512.0,1020000.0,186.0,1.4865728900255755,353.0,2.821291560102302,19.0,0.1518542199488491,148.0,1.1828644501278773,87.0,0.6953324808184144,0.9987924699705163
HAMPSTEAD GARDENS,1535.0,1255000.0,180.0,11.726384364820847,112.0,7.296416938110749,33.0,2.1498371335504887,44.0,2.8664495114006514,30.0,1.9543973941368076,0.9792596207917326
HAPPY VALLEY,11420.0,863000.0,71.0,0.6217162872154115,100.0,0.8756567425569177,8.0,0.07005253940455342,95.0,0.8318739054290718,47.0,0.4115586690017513,0.9997980392036584
HAWTHORN,2221.0,1672500.0,40.0,1.8009905447996397,71.0,3.1967582170193602,20.0,0.9004952723998199,26.0,1.170643854119766,45.0,2.0261143628995946,0.9980250731779111
HAWTHORNDENE,3389.0,1211740.0,6.0,0.17704337562702863,39.0,1.150781941575686,5.0,0.14753614635585718,32.0,0.9442313366774859,0.0,0.0,0.9997731016834445
HAZELWOOD PARK,1953.0,1828000.0,49.0,2.5089605734767026,259.0,13.261648745519713,20.0,1.0240655401945724,80.0,4.09626216077829,27.0,1.3824884792626728,0.9798094441075463
HEATHFIELD,1062.0,875000.0,0.0,0.0,0.0,0.0,0.0,0.0,11.0,1.0357815442561207,3.0,0.2824858757062147,0.9998847358322605
HEATHPOOL,596.0,1880000.0,17.0,2.8523489932885906,35.0,5.87248322147651,21.0,3.523489932885906,18.0,3.0201342281879198,7.0,1.174496644295302,0.9934462411603081
HECTORVILLE,4241.0,1210000.0,285.0,6.720113180853573,465.0,10.964395189813724,33.0,0.778118368309361,751.0,17.70808771516152,80.0,1.886347559537845,0.9516881971119778
HENDON,1271.0,880000.0,31.0,2.4390243902439024,5.0,0.3933910306845004,17.0,1.3375295043273014,83.0,6.530291109362707,42.0,3.304484657749803,0.9938543097519501
HENLEY BEACH,6259.0,1590000.0,56.0,0.8947116152740054,53.0,0.8467806358843265,29.0,0.46333280076689565,308.0,4.92091388400703,134.0,2.140917079405656,0.9969468857001215
HENLEY BEACH SOUTH,2799.0,1750000.0,34.0,1.2147195426938193,36.0,1.2861736334405145,9.0,0.3215434083601286,107.0,3.8227938549481957,56.0,2.000714540907467,0.9978150212122152
HIGHBURY,6956.0,1051500.0,143.0,2.0557791834387578,149.0,2.1420356526739504,10.0,0.14376078205865442,456.0,6.55549166187464,72.0,1.0350776308223115,0.9947118931418418
HIGHGATE,1504.0,2432500.0,20.0,1.3297872340425532,176.0,11.702127659574469,6.0,0.39893617021276595,32.0,2.127659574468085,19.0,1.2632978723404253,0.985500986730421
HILLBANK,5013.0,780000.0,44.0,0.8777179333732297,28.0,0.5585477757829643,17.0,0.33911829243965685,74.0,1.4761619788549771,15.0,0.2992220227408737,0.9996534046388625
HILLCREST,3659.0,921250.0,568.0,15.523367040174913,309.0,8.44493030882755,30.0,0.8198961464881116,75.0,2.0497403662202784,22.0,0.6012571740912818,0.9682473052365722
HILLIER,814.0,772500.0,0.0,0.0,0.0,0.0,17.0,2.0884520884520885,24.0,2.9484029484029484,3.0,0.36855036855036855,0.998680945855393
HILTON,908.0,1222000.0,40.0,4.405286343612335,59.0,6.497797356828194,15.0,1.6519823788546255,24.0,2.643171806167401,81.0,8.920704845814978,0.9849077703817268
HINDMARSH,232.0,,9.0,3.8793103448275863,15.0,6.4655172413793105,0.0,0.0,13.0,5.603448275862069,4.0,1.7241379310344827,0.9908776753864447
HOLDEN HILL,3716.0,882000.0,362.0,9.741657696447794,115.0,3.0947255113024754,22.0,0.5920344456404736,145.0,3.9020452099031218,39.0,1.0495156081808394,0.9878844834718166
HOPE VALLEY,8184.0,892600.0,256.0,3.1280547409579667,140.0,1.7106549364613879,17.0,0.20772238514173996,359.0,4.386608015640274,65.0,0.7942326490713587,0.9967372649252911
HOVE,3189.0,1875000.0,34.0,1.066164941988084,45.0,1.4111006585136407,7.0,0.21950454687989968,44.0,1.3797428661022264,13.0,0.40765130134838506,0.9994754035041866
HUNTFIELD HEIGHTS,4199.0,735275.0,22.0,0.523934270064301,28.0,0.6668254346272922,3.0,0.0714455822814956,27.0,0.6430102405334603,5.0,0.11907597046915933,0.9998848090992984
HYDE PARK,1660.0,2366000.0,33.0,1.9879518072289155,78.0,4.698795180722891,11.0,0.6626506024096386,52.0,3.132530120481928,53.0,3.1927710843373496,0.995352373348817
INGLE FARM,9543.0,835000.0,617.0,6.465472073771352,145.0,1.5194383317615006,127.0,1.330818400922142,156.0,1.634706067274442,71.0,0.7440008383108038,0.9950892099229233
INGLEWOOD,378.0,,0.0,0.0,0.0,0.0,0.0,0.0,6.0,1.5873015873015872,4.0,1.0582010582010581,0.9996360684191372
IRONBANK,537.0,,0.0,0.0,4.0,0.74487895716946,3.0,0.5586592178770949,4.0,0.74487895716946,0.0,0.0,0.9998578210556613
JOSLIN,1243.0,2000000.0,35.0,2.815768302493966,74.0,5.953338696701529,16.0,1.2872083668543846,109.0,8.769106999195495,26.0,2.091713596138375,0.9873699798517717
KANGARILLA,905.0,,7.0,0.7734806629834254,0.0,0.0,0.0,0.0,8.0,0.8839779005524863,0.0,0.0,0.9998620310735326
KANMANTOO,686.0,,0.0,0.0,3.0,0.43731778425655976,0.0,0.0,4.0,0.5830903790087464,0.0,0.0,0.9999468758765481
KENSINGTON,1808.0,1505000.0,94.0,5.199115044247788,88.0,4.867256637168142,15.0,0.8296460176991152,75.0,4.148230088495575,14.0,0.7743362831858407,0.9930783293523376
KENSINGTON GARDENS,2498.0,2351500.0,52.0,2.0816653322658127,262.0,10.488390712570055,22.0,0.8807045636509208,106.0,4.2433947157726175,36.0,1.4411529223378703,0.9864801368717071
KENSINGTON PARK,2627.0,2010000.0,73.0,2.77883517320137,327.0,12.447658926532167,30.0,1.1419870574800153,136.0,5.1770079939094025,45.0,1.712980586220023,0.9806294013631682
KENT TOWN,1443.0,,49.0,3.3957033957033955,120.0,8.316008316008316,5.0,0.3465003465003465,28.0,1.9404019404019404,22.0,1.5246015246015245,0.9913103572147232
KERSBROOK,1116.0,955000.0,0.0,0.0,5.0,0.4480286738351254,0.0,0.0,9.0,0.8064516129032258,0.0,0.0,0.9999148906103468
KESWICK,754.0,1389000.0,62.0,8.222811671087534,53.0,7.029177718832891,3.0,0.3978779840848806,11.0,1.4588859416445623,23.0,3.050397877984085,0.9871384446523932
KIDMAN PARK,3874.0,1175000.0,86.0,2.219927723283428,134.0,3.4589571502323184,25.0,0.6453278265358803,515.0,13.293753226639133,201.0,5.1884357253484765,0.9779047348205702
KILBURN,5633.0,973000.0,346.0,6.1423752884786085,293.0,5.201491212497781,345.0,6.124622758743121,91.0,1.6154802059293447,94.0,1.668737795135807,0.9892310248920217
KILKENNY,1846.0,986500.0,55.0,2.9794149512459374,59.0,3.1960996749729147,135.0,7.313109425785481,120.0,6.500541711809317,68.0,3.683640303358613,0.9871600215510917
KINGS PARK,574.0,1703250.0,11.0,1.9163763066202089,24.0,4.181184668989547,0.0,0.0,12.0,2.0905923344947737,9.0,1.5679442508710801,0.9972016171132343
KINGSTON PARK,623.0,1600000.0,0.0,0.0,8.0,1.2841091492776886,0.0,0.0,8.0,1.2841091492776886,9.0,1.4446227929373996,0.9994615192371609
KINGSWOOD,2554.0,1470000.0,35.0,1.370399373531715,108.0,4.22866092404072,3.0,0.11746280344557558,71.0,2.779953014878622,52.0,2.0360219263899766,0.9968353110786649
KLEMZIG,6713.0,1063000.0,709.0,10.561596901534337,606.0,9.027260539252199,66.0,0.9831669894235066,431.0,6.420378370326232,83.0,1.2364069715477433,0.9763244660099424
KURRALTA PARK,3139.0,1220000.0,192.0,6.116597642561325,289.0,9.206753743230328,28.0,0.8920038228735266,65.0,2.0707231602421152,74.0,2.3574386747371774,0.9867181836458997
LARGS BAY,4104.0,1315000.0,5.0,0.12183235867446393,9.0,0.21929824561403508,10.0,0.24366471734892786,82.0,1.9980506822612085,28.0,0.682261208576998,0.9995420005775756
LARGS NORTH,4005.0,895000.0,16.0,0.3995006242197253,22.0,0.5493133583021224,9.0,0.22471910112359553,47.0,1.1735330836454432,26.0,0.6491885143570537,0.9997689529785646
LEABROOK,1605.0,3600000.0,42.0,2.6168224299065423,104.0,6.4797507788162,13.0,0.809968847352025,55.0,3.4267912772585665,11.0,0.6853582554517134,0.9938296406284877
LEAWOOD GARDENS,57.0,,0.0,0.0,0.0,0.0,0.0,0.0,0.0,0.0,0.0,0.0,0.0
LENSWOOD,534.0,,0.0,0.0,0.0,0.0,0.0,0.0,6.0,1.1235955056179776,0.0,0.0,0.9998737533139755
LIGHTSVIEW,6090.0,850000.0,528.0,8.669950738916256,975.0,16.00985221674877,165.0,2.70935960591133,148.0,2.4302134646962235,34.0,0.5582922824302134,0.9654958328951874
LINDEN PARK,2367.0,1660000.0,139.0,5.8724123362906635,497.0,20.997042670046472,10.0,0.42247570764681025,64.0,2.703844528939586,30.0,1.2674271229404308,0.9515543339992636
LITTLEHAMPTON,3300.0,,6.0,0.18181818181818182,15.0,0.45454545454545453,0.0,0.0,31.0,0.9393939393939393,0.0,0.0,0.9998877869605143
LOBETHAL,2534.0,820000.0,0.0,0.0,0.0,0.0,30.0,1.1838989739542225,25.0,0.9865824782951855,4.0,0.15785319652722968,0.9997600120601338
LOCKLEYS,5987.0,1400000.0,107.0,1.7872056121596793,139.0,2.321697010188742,39.0,0.6514113913479205,540.0,9.019542341740436,271.0,4.526474027058628,0.9889150171119883
LONGWOOD,325.0,1237500.0,0.0,0.0,0.0,0.0,0.0,0.0,6.0,1.8461538461538463,0.0,0.0,0.9996591715976332
LOWER MITCHAM,2187.0,2225000.0,21.0,0.9602194787379973,86.0,3.9323273891175123,8.0,0.36579789666209417,55.0,2.5148605395518975,32.0,1.4631915866483767,0.9975015518603612
LYNTON,222.0,1160000.0,0.0,0.0,9.0,4.054054054054054,0.0,0.0,4.0,1.8018018018018018,3.0,1.3513513513513513,0.9978492005519033
MACCLESFIELD,1413.0,,3.0,0.21231422505307856,0.0,0.0,0.0,0.0,4.0,0.28308563340410475,0.0,0.0,0.9999874785194001
MAGILL,9693.0,1332250.0,441.0,4.549675023212628,1290.0,13.308573197152585,72.0,0.7428040854224698,651.0,6.716186939028165,156.0,1.6094088517486844,0.9753933214877807
MALVERN,2713.0,1875000.0,40.0,1.474382602285293,189.0,6.966457795798009,12.0,0.44231478068558794,103.0,3.7965352008846294,93.0,3.427939550313306,0.9922934570264073
MANNINGHAM,1391.0,1875000.0,81.0,5.823148813803019,38.0,2.7318475916606757,27.0,1.9410496046010064,71.0,5.104241552839683,36.0,2.5880661394680087,0.9922108904888725
MANSFIELD PARK,4608.0,875000.0,297.0,6.4453125,369.0,8.0078125,1145.0,24.84809027777778,50.0,1.0850694444444444,23.0,0.4991319444444444,0.9275478786892362
MARBLE HILL,69.0,,0.0,0.0,0.0,0.0,0.0,0.0,4.0,5.797101449275362,0.0,0.0,0.9966393614786809
MARDEN,2645.0,1370000.0,130.0,4.914933837429111,289.0,10.926275992438564,45.0,1.7013232514177694,206.0,7.7882797731569005,31.0,1.172022684310019,0.9791534478507438
MARINO,2277.0,1255000.0,15.0,0.6587615283267457,12.0,0.5270092226613966,0.0,0.0,46.0,2.0202020202020203,24.0,1.0540184453227932,0.9994096123442517
MARION,4101.0,1075000.0,124.0,3.023652767617654,229.0,5.584003901487442,18.0,0.43891733723482074,72.0,1.755669348939283,42.0,1.024140453547915,0.9955352537408727
MARLESTON,1950.0,1132500.0,153.0,7.846153846153846,154.0,7.897435897435898,25.0,1.282051282051282,62.0,3.1794871794871797,89.0,4.564102564102565,0.9843484549638396
MARRYATVILLE,648.0,1100000.0,23.0,3.5493827160493825,75.0,11.574074074074074,23.0,3.5493827160493825,11.0,1.6975308641975309,4.0,0.6172839506172839,0.9837581923487273
MASLIN BEACH,1213.0,952200.0,3.0,0.24732069249793898,0.0,0.0,0.0,0.0,9.0,0.741962077493817,0.0,0.0,0.9999388324750623
MAWSON LAKES,13794.0,852000.0,1028.0,7.452515586486879,1205.0,8.735682180658257,681.0,4.936929099608525,212.0,1.536900101493403,96.0,0.6959547629404089,0.9840928184383109
MAYLANDS,1508.0,1600000.0,17.0,1.1273209549071617,58.0,3.8461538461538463,19.0,1.259946949602122,138.0,9.151193633952255,33.0,2.1883289124668437,0.9893815653385305
MCLAREN FLAT,1625.0,900000.0,0.0,0.0,0.0,0.0,0.0,0.0,24.0,1.4769230769230768,0.0,0.0,0.9997818698224852
MCLAREN VALE,4061.0,1015000.0,12.0,0.2954937207584339,14.0,0.3447426742181729,0.0,0.0,85.0,2.093080522038907,12.0,0.2954937207584339,0.9995325533338819
MEADOWS,1717.0,,0.0,0.0,4.0,0.23296447291788003,0.0,0.0,8.0,0.46592894583576006,0.0,0.0,0.9999728637771791
MEDINDIE,1175.0,3825000.0,21.0,1.7872340425531916,76.0,6.468085106382978,35.0,2.9787234042553195,44.0,3.74468085106383,56.0,4.76595744680851,0.9909359891353554
MEDINDIE GARDENS,352.0,,7.0,1.9886363636363635,9.0,2.556818181818182,18.0,5.113636363636364,11.0,3.125,24.0,6.8181818181818175,0.9907105501033058
MELROSE PARK,2319.0,1128000.0,48.0,2.069857697283312,90.0,3.8809831824062093,3.0,0.129366106080207,29.0,1.250539025442001,79.0,3.4066407934454506,0.9967467873711755
MILE END,4536.0,1161000.0,155.0,3.4171075837742504,179.0,3.9462081128747792,56.0,1.2345679012345678,180.0,3.968253968253968,351.0,7.738095238095238,0.9895601501917639
MILLSWOOD,2173.0,2150000.0,37.0,1.7027151403589507,48.0,2.208927749654855,6.0,0.2761159687068569,61.0,2.807179015186378,73.0,3.359410952600092,0.997297926334767
MITCHAM,1832.0,1725000.0,19.0,1.037117903930131,75.0,4.093886462882096,8.0,0.43668122270742354,56.0,3.056768558951965,23.0,1.2554585152838427,0.9971053779485517
MITCHELL PARK,5754.0,991800.0,229.0,3.9798401112269723,410.0,7.125477928397636,46.0,0.7994438651372958,78.0,1.3555787278415017,79.0,1.372957942301008,0.9929026719288777
MOANA,3316.0,1101000.0,12.0,0.3618817852834741,16.0,0.48250904704463204,4.0,0.12062726176115801,35.0,1.0554885404101326,10.0,0.30156815440289503,0.9998416676246034
MODBURY,5593.0,894500.0,483.0,8.635794743429287,249.0,4.4519935633828,35.0,0.6257822277847309,140.0,2.5031289111389237,36.0,0.6436617200071518,0.9898531244308764
MODBURY HEIGHTS,6995.0,885050.0,318.0,4.546104360257327,171.0,2.4446032880629023,21.0,0.30021443888491783,130.0,1.858470335954253,47.0,0.6719085060757685,0.9969361348170167
MODBURY NORTH,5704.0,886000.0,274.0,4.803646563814866,210.0,3.681626928471248,24.0,0.42075736325385693,130.0,2.279102384291725,35.0,0.6136044880785414,0.9957622747944899
MONTACUTE,332.0,,0.0,0.0,0.0,0.0,0.0,0.0,13.0,3.91566265060241,5.0,1.5060240963855422,0.9982399477427784
MORPHETT VALE,24002.0,793000.0,224.0,0.9332555620364968,198.0,0.8249312557286892,44.0,0.18331805682859761,190.0,0.7916006999416716,101.0,0.4207982668110991,0.9997611214119791
MORPHETTVILLE,3686.0,1076250.0,128.0,3.472599023331525,121.0,3.2826912642430814,9.0,0.24416711882799783,43.0,1.166576234400434,26.0,0.705371676614216,0.9975246927192065
MOUNT BARKER,18330.0,,185.0,1.0092744135297327,146.0,0.7965084560829241,20.0,0.10911074740861974,170.0,0.9274413529732678,36.0,0.19639934533551553,0.9997436314116329
MOUNT GEORGE,276.0,,0.0,0.0,0.0,0.0,0.0,0.0,0.0,0.0,0.0,0.0,0.0
MOUNT OSMOND,464.0,2010000.0,4.0,0.8620689655172413,18.0,3.8793103448275863,0.0,0.0,6.0,1.293103448275862,0.0,0.0,0.9982535671819263
MOUNT TORRENS,768.0,,0.0,0.0,0.0,0.0,0.0,0.0,5.0,0.6510416666666667,3.0,0.390625,0.9999423556857638
MUNNO PARA,4719.0,695000.0,81.0,1.7164653528289893,15.0,0.3178639542275906,21.0,0.44500953591862685,32.0,0.67810976901886,8.0,0.169527442254715,0.9996266103299566
MUNNO PARA DOWNS,181.0,737500.0,0.0,0.0,12.0,6.629834254143646,19.0,10.497237569060774,21.0,11.602209944751381,12.0,6.629834254143646,0.9667287323341778
MUNNO PARA WEST,7577.0,703000.0,60.0,0.791870133298139,33.0,0.43552857331397654,22.0,0.2903523822093177,72.0,0.9502441599577669,16.0,0.21116536887950377,0.9998151397271415
MYLOR,1067.0,,0.0,0.0,0.0,0.0,0.0,0.0,17.0,1.5932521087160263,4.0,0.37488284910965325,0.9997321010567516
MYRTLE BANK,3158.0,2150000.0,67.0,2.121595946801773,213.0,6.744775174160861,23.0,0.7283090563647878,64.0,2.026599113362888,40.0,1.266624445851805,0.9943764962953842
NAILSWORTH,2235.0,1409444.0,112.0,5.011185682326622,85.0,3.803131991051454,64.0,2.8635346756152127,83.0,3.713646532438479,47.0,2.102908277404922,0.9934010980486364
NAIRNE,5327.0,,9.0,0.16895062887178525,18.0,0.3379012577435705,8.0,0.1501783367749202,24.0,0.4505350103247607,8.0,0.1501783367749202,0.9999609189563818
NETHERBY,1510.0,2200000.0,21.0,1.390728476821192,117.0,7.748344370860927,12.0,0.7947019867549668,36.0,2.384105960264901,24.0,1.5894039735099337,0.9929187316345774
NETLEY,1910.0,1110000.0,72.0,3.769633507853403,95.0,4.973821989528796,22.0,1.1518324607329842,76.0,3.9790575916230364,115.0,6.020942408376963,0.9907639593212906
NEW PORT,647.0,825000.0,6.0,0.9273570324574961,25.0,3.863987635239567,14.0,2.1638330757341575,15.0,2.3183925811437405,10.0,1.545595054095827,0.9971763626677879
NEWTON,5117.0,1100000.0,267.0,5.217901113933945,365.0,7.133085792456518,24.0,0.4690248192300176,1063.0,20.77389095172953,136.0,2.6578073089700998,0.9483054125795644
NOARLUNGA DOWNS,4031.0,770000.0,39.0,0.967501860580501,33.0,0.8186554204911933,14.0,0.347308360208385,33.0,0.8186554204911933,15.0,0.37211610022326963,0.9997464453265658
NORTH ADELAIDE,6823.0,1674000.0,181.0,2.6527920269676093,340.0,4.983145244027554,71.0,1.0405979774292833,171.0,2.5062289315550346,105.0,1.5389125018320386,0.9958398678642294
NORTH BRIGHTON,2665.0,1570000.0,28.0,1.050656660412758,46.0,1.7260787992495312,5.0,0.18761726078799248,22.0,0.8255159474671669,18.0,0.6754221388367729,0.9994743900679013
NORTH HAVEN,5585.0,1090000.0,12.0,0.21486123545210387,35.0,0.6266786034019696,13.0,0.23276633840644584,161.0,2.88272157564906,75.0,1.342882721575649,0.9989393510722624
NORTH PLYMPTON,3610.0,1118000.0,180.0,4.986149584487535,197.0,5.457063711911357,19.0,0.5263157894736842,105.0,2.9085872576177287,132.0,3.656509695290859,0.9923251816668074
NORTHFIELD,5043.0,911000.0,714.0,14.158239143367043,170.0,3.3710093198492963,105.0,2.0820939916716243,50.0,0.9914733293674401,32.0,0.6345429307951617,0.9782459781040694
NORTHGATE,3184.0,1115500.0,219.0,6.878140703517587,353.0,11.086683417085426,127.0,3.988693467336683,73.0,2.2927135678391957,33.0,1.0364321608040201,0.980753622856746
NORTON SUMMIT,548.0,1500000.0,0.0,0.0,0.0,0.0,4.0,0.7299270072992701,30.0,5.474452554744526,0.0,0.0,0.9969497575789866
NORWOOD,6354.0,1725000.0,194.0,3.0531948378973874,446.0,7.019200503619767,55.0,0.8655964746616304,311.0,4.894554611268492,143.0,2.250550834120239,0.9911637924415225
NOVAR GARDENS,2508.0,1422000.0,33.0,1.3157894736842104,144.0,5.741626794258373,7.0,0.27910685805422647,47.0,1.8740031897926632,44.0,1.7543859649122806,0.9958634761108949
O'HALLORAN HILL,2722.0,875500.0,26.0,0.9551800146950772,26.0,0.9551800146950772,0.0,0.0,25.0,0.9184423218221895,15.0,0.5510653930933138,0.9997028052913075
O'SULLIVAN BEACH,1844.0,787500.0,6.0,0.32537960954446854,5.0,0.27114967462039047,0.0,0.0,14.0,0.7592190889370932,6.0,0.32537960954446854,0.9999138320448332
OAKBANK,865.0,1116685.0,0.0,0.0,0.0,0.0,0.0,0.0,10.0,1.1560693641618496,6.0,0.6936416184971098,0.9998182364930335
OAKDEN,3583.0,1006500.0,181.0,5.051632710019536,322.0,8.986882500697739,54.0,1.507116941110801,123.0,3.4328774769746024,49.0,1.367569076193134,0.9877790655457451
OAKLANDS PARK,3948.0,983000.0,128.0,3.242147922998987,261.0,6.6109422492401215,7.0,0.1773049645390071,46.0,1.165146909827761,22.0,0.5572441742654508,0.9944084393980921
OLD NOARLUNGA,1531.0,855500.0,10.0,0.6531678641410843,7.0,0.45721750489875895,5.0,0.32658393207054215,7.0,0.45721750489875895,0.0,0.0,0.9999048618982995
OLD REYNELLA,3458.0,810000.0,57.0,1.6483516483516485,39.0,1.1278195488721803,11.0,0.31810294968189706,32.0,0.9253903990746095,12.0,0.3470213996529786,0.9994932999179446
ONE TREE HILL,1043.0,,0.0,0.0,0.0,0.0,0.0,0.0,45.0,4.314477468839885,0.0,0.0,0.9981385284170873
ONKAPARINGA HILLS,2610.0,1075000.0,11.0,0.42145593869731796,8.0,0.30651340996168586,0.0,0.0,26.0,0.996168582375479,14.0,0.5363984674329502,0.9998448349260874
OSBORNE,1951.0,794000.0,3.0,0.1537672988211174,8.0,0.4100461301896463,4.0,0.20502306509482315,26.0,1.3326499231163504,5.0,0.2562788313685289,0.9997924548674719
OTTOWAY,2783.0,751000.0,50.0,1.7966223499820337,138.0,4.958677685950414,506.0,18.181818181818183,65.0,2.335609054976644,41.0,1.4732303269852678,0.963397967408767
OVINGHAM,766.0,1375000.0,27.0,3.524804177545692,21.0,2.741514360313316,18.0,2.3498694516971277,13.0,1.6971279373368149,4.0,0.5221932114882507,0.997138503909632
PANORAMA,2388.0,1292500.0,38.0,1.5912897822445562,106.0,4.438860971524288,3.0,0.12562814070351758,64.0,2.680067001675042,78.0,3.2663316582914574,0.9959896846039241
PARA HILLS,6793.0,811000.0,268.0,3.9452377447372298,124.0,1.8254085087590168,72.0,1.0599146179891064,112.0,1.648756072427499,45.0,0.6624466362431916,0.9976822331783988
PARA HILLS WEST,3295.0,716250.0,184.0,5.584218512898331,51.0,1.5477996965098635,33.0,1.0015174506828528,54.0,1.6388467374810318,24.0,0.7283763277693476,0.9962201431791858
PARA VISTA,3023.0,890250.0,163.0,5.39199470724446,52.0,1.7201455507773733,16.0,0.5292755540853458,63.0,2.0840224942110486,27.0,0.8931524975190208,0.9962546488608834
PARADISE,7217.0,1050000.0,369.0,5.112927809339061,491.0,6.803380906193709,36.0,0.4988222253013717,982.0,13.606761812387418,150.0,2.0784259387557156,0.9737859332447334
PARAFIELD GARDENS,18467.0,845000.0,1350.0,7.3103373585314335,533.0,2.886229490442411,1220.0,6.606378946228407,246.0,1.332105918665728,119.0,0.6443927004927709,0.9892394656120798
PARALOWIE,17504.0,765000.0,434.0,2.479433272394881,336.0,1.9195612431444242,811.0,4.633226691042047,208.0,1.1882998171846435,144.0,0.8226691042047531,0.9966612064800441
PARK HOLME,3199.0,1096400.0,119.0,3.7199124726477026,261.0,8.158799624882777,15.0,0.4688965301656768,39.0,1.2191309784307596,42.0,1.312910284463895,0.9916166362163231
PARKSIDE,5126.0,1780000.0,85.0,1.6582130316035897,281.0,5.481857198595396,31.0,0.6047600468201327,191.0,3.7261022239563015,192.0,3.745610612563402,0.9938920399837479
PASADENA,3073.0,975000.0,98.0,3.189066059225513,175.0,5.694760820045558,24.0,0.780995769606248,63.0,2.050113895216401,161.0,5.239179954441914,0.9925137628901841
PAYNEHAM,2438.0,1440000.0,116.0,4.7579983593109105,159.0,6.521739130434782,21.0,0.8613617719442166,266.0,10.910582444626742,33.0,1.3535684987694832,0.9813213469263325
PAYNEHAM SOUTH,1731.0,1450000.0,75.0,4.332755632582322,156.0,9.01213171577123,11.0,0.635470826112074,229.0,13.229347198151359,32.0,1.848642403235124,0.9721171781370803
PENNINGTON,3773.0,920000.0,149.0,3.9491121123774184,140.0,3.710575139146568,496.0,13.146037635833554,67.0,1.7757752451630002,77.0,2.0408163265306123,0.9790499531137902
PETERHEAD,1201.0,831500.0,8.0,0.6661115736885929,0.0,0.0,4.0,0.33305578684429643,26.0,2.164862614487927,5.0,0.4163197335553705,0.9994585416954093
PICCADILLY,405.0,,0.0,0.0,6.0,1.4814814814814816,0.0,0.0,9.0,2.2222222222222223,4.0,0.9876543209876543,0.9991891479957323
PLYMPTON,5459.0,1247500.0,392.0,7.180802344751785,390.0,7.14416559809489,30.0,0.549551199853453,136.0,2.491298772668987,166.0,3.04084997252244,0.9881641630941252
PLYMPTON PARK,3881.0,1160000.0,197.0,5.076011337284205,265.0,6.828137078072662,20.0,0.515331100231899,67.0,1.7263591857768614,59.0,1.520226745684102,0.9922053681407336
POORAKA,7583.0,877500.0,391.0,5.156270605301332,230.0,3.0331003560596073,618.0,8.14980878280364,166.0,2.18910721350389,71.0,0.9363048925227482,0.9892124935234736
PORT ADELAIDE,1338.0,717500.0,8.0,0.5979073243647235,32.0,2.391629297458894,19.0,1.4200298953662183,28.0,2.092675635276532,9.0,0.672645739910314,0.9987074387625374
PORT NOARLUNGA,3245.0,861856.0,24.0,0.7395993836671803,28.0,0.8628659476117103,3.0,0.09244992295839753,28.0,0.8628659476117103,13.0,0.40061633281972264,0.9997794877030206
PORT NOARLUNGA SOUTH,3058.0,1058500.0,7.0,0.22890778286461738,15.0,0.49051667756703726,5.0,0.1635055591890124,35.0,1.144538914323087,8.0,0.2616088947024199,0.9998301852007899
PORT WILLUNGA,1785.0,1100000.0,0.0,0.0,0.0,0.0,0.0,0.0,13.0,0.7282913165266106,5.0,0.2801120448179272,0.999939112900062
PROSPECT,14584.0,1462500.0,702.0,4.813494240263302,650.0,4.4569391113549095,584.0,4.004388370817334,689.0,4.724355458036205,559.0,3.832967635765222,0.990391966534159
QUEENSTOWN,1943.0,920000.0,32.0,1.6469377251672672,39.0,2.007205352547607,16.0,0.8234688625836336,53.0,2.727740607308286,56.0,2.8821410190427175,0.9976833316160073
REDWOOD PARK,5367.0,855000.0,40.0,0.7452953232718464,61.0,1.1365753679895658,10.0,0.1863238308179616,130.0,2.422209800633501,13.0,0.2422209800633501,0.999219224342259
REGENCY PARK,60.0,784500.0,0.0,0.0,12.0,20.0,4.0,6.666666666666667,0.0,0.0,0.0,0.0,0.9555555555555555
REID,436.0,835000.0,0.0,0.0,0.0,0.0,0.0,0.0,0.0,0.0,0.0,0.0,0.0
RENOWN PARK,1663.0,967000.0,88.0,5.2916416115454,144.0,8.659049909801563,138.0,8.298256163559833,63.0,3.788334335538184,71.0,4.2693926638604935,0.9795579137602425
REYNELLA,4836.0,837500.0,63.0,1.3027295285359801,36.0,0.7444168734491315,4.0,0.0827129859387924,57.0,1.1786600496277915,12.0,0.24813895781637718,0.9996291085400987
REYNELLA EAST,1990.0,857000.0,5.0,0.25125628140703515,10.0,0.5025125628140703,4.0,0.20100502512562815,16.0,0.8040201005025126,8.0,0.4020100502512563,0.9998835887982627
RICHMOND,3474.0,1085000.0,205.0,5.90097869890616,205.0,5.90097869890616,31.0,0.8923431203223949,123.0,3.540587219343696,213.0,6.13126079447323,0.98794325077581
RIDGEHAVEN,4304.0,912350.0,98.0,2.2769516728624537,67.0,1.5566914498141264,19.0,0.44144981412639406,105.0,2.4395910780669143,20.0,0.4646840148698885,0.9986029789009273
RIDLEYTON,1180.0,1196250.0,17.0,1.4406779661016949,79.0,6.694915254237288,56.0,4.745762711864407,40.0,3.389830508474576,41.0,3.4745762711864407,0.990701666187877
ROSE PARK,1375.0,2700000.0,28.0,2.0363636363636366,61.0,4.4363636363636365,16.0,1.1636363636363636,43.0,3.127272727272727,15.0,1.090909090909091,0.9963847933884298
ROSEWATER,3582.0,830500.0,117.0,3.2663316582914574,83.0,2.3171412618648803,189.0,5.276381909547738,64.0,1.786711334450028,58.0,1.619207146845338,0.9950307558638156
ROSSLYN PARK,1469.0,2050000.0,70.0,4.765146358066712,233.0,15.861130020422056,3.0,0.2042205582028591,115.0,7.8284547311095976,32.0,2.1783526208304966,0.9659646305007366
ROSTREVOR,8452.0,1305000.0,383.0,4.531471840984382,914.0,10.8140085186938,40.0,0.473260766682442,982.0,11.618551822053952,147.0,1.7392333175579744,0.9724283327984046
ROYAL PARK,3453.0,930000.0,76.0,2.2009846510280915,56.0,1.6217781639154358,27.0,0.7819287576020852,160.0,4.633651896901245,45.0,1.3032145960034751,0.9968744991386128
ROYSTON PARK,1246.0,1765000.0,36.0,2.889245585874799,74.0,5.9390048154093105,3.0,0.2407704654895666,82.0,6.5810593900481535,39.0,3.1300160513643664,0.9903215168152857
SALISBURY,8841.0,796250.0,140.0,1.583531274742676,114.0,1.2894468951476077,193.0,2.1830109716095465,392.0,4.433887569279493,51.0,0.5768578215134035,0.9971072094581086
SALISBURY DOWNS,6296.0,760000.0,149.0,2.3665819567979667,168.0,2.6683608640406606,411.0,6.527954256670903,171.0,2.716010165184244,52.0,0.8259212198221092,0.993660609628509
SALISBURY EAST,9273.0,790000.0,219.0,2.361695244257522,99.0,1.0676156583629894,97.0,1.046047665264747,195.0,2.1028793270786155,90.0,0.9705596894208993,0.998682428908628
SALISBURY HEIGHTS,4488.0,882500.0,39.0,0.8689839572192514,26.0,0.5793226381461676,28.0,0.6238859180035651,154.0,3.431372549019608,26.0,0.5793226381461676,0.998641008623511
SALISBURY NORTH,10683.0,703000.0,124.0,1.160722643452214,118.0,1.1045586445754938,248.0,2.321445286904428,108.0,1.0109519797809603,71.0,0.6646073200411869,0.9990579838130305
SALISBURY PARK,2276.0,737750.0,19.0,0.8347978910369069,23.0,1.0105448154657293,16.0,0.7029876977152899,34.0,1.493848857644991,9.0,0.39543057996485065,0.9995399770200858
SALISBURY PLAIN,1333.0,680000.0,21.0,1.5753938484621155,0.0,0.0,13.0,0.9752438109527383,52.0,3.900975243810953,30.0,2.250562640660165,0.9976284393679065
SCOTT CREEK,225.0,,0.0,0.0,0.0,0.0,0.0,0.0,6.0,2.666666666666667,0.0,0.0,0.9992888888888889
SEACLIFF,2117.0,1525000.0,10.0,0.47236655644780345,20.0,0.9447331128956069,8.0,0.3778932451582428,27.0,1.2753897024090695,11.0,0.5196032120925839,0.9996844939485984
SEACLIFF PARK,2644.0,1367708.0,23.0,0.869894099848714,52.0,1.9667170953101363,0.0,0.0,26.0,0.9833585476550681,13.0,0.49167927382753407,0.9994166565580506
SEACOMBE GARDENS,3373.0,951750.0,131.0,3.8837829825081527,253.0,7.500741179958494,35.0,1.0376519418914911,34.0,1.0080047435517345,33.0,0.9783575452119775,0.9925605132894247
SEACOMBE HEIGHTS,1549.0,985275.0,54.0,3.4861200774693355,70.0,4.519044544867656,6.0,0.38734667527437056,30.0,1.9367333763718526,38.0,2.4531956100710137,0.9957506060887696
SEAFORD,4493.0,923720.0,11.0,0.24482528377476076,13.0,0.2893389717338081,6.0,0.13354106387714224,36.0,0.8012463832628534,14.0,0.31159581571333184,0.9999099422605058
SEAFORD HEIGHTS,1079.0,950000.0,34.0,3.151065801668211,6.0,0.5560704355885079,0.0,0.0,17.0,1.5755329008341055,3.0,0.27803521779425394,0.9987201962480277
SEAFORD MEADOWS,5102.0,830500.0,68.0,1.3328106624852998,32.0,0.6272050176401411,3.0,0.058800470403763225,41.0,0.8036064288514309,8.0,0.15680125441003528,0.9997156402182616
SEAFORD RISE,6105.0,862500.0,19.0,0.31122031122031124,33.0,0.5405405405405406,3.0,0.04914004914004914,41.0,0.6715806715806716,22.0,0.36036036036036034,0.9999027662909726
SEATON,10877.0,1100000.0,387.0,3.557966351015905,180.0,1.6548680702399559,111.0,1.0205019766479728,1198.0,11.01406637859704,328.0,3.015537372437253,0.9853157738994089
SEAVIEW DOWNS,2718.0,1133000.0,19.0,0.6990434142752024,56.0,2.060338484179544,16.0,0.5886681383370125,38.0,1.398086828550405,26.0,0.9565857247976454,0.9992050110429421
SEFTON PARK,1274.0,1010500.0,86.0,6.750392464678178,43.0,3.375196232339089,44.0,3.453689167974882,78.0,6.122448979591836,39.0,3.061224489795918,0.9884256806212401
SELLICKS BEACH,2705.0,872000.0,3.0,0.11090573012939,8.0,0.29574861367837335,0.0,0.0,32.0,1.1829944547134934,25.0,0.9242144177449169,0.9997646584506681
SEMAPHORE,2749.0,1300000.0,5.0,0.18188432157148052,16.0,0.5820298290287377,3.0,0.10913059294288831,85.0,3.0920334667151694,27.0,0.9821753364859949,0.9989090910534483
SEMAPHORE PARK,4541.0,1510000.0,14.0,0.30830213609337154,45.0,0.9909711517286941,16.0,0.35234529839242457,104.0,2.2902444395507597,60.0,1.3212948689715922,0.9991807739036359
SEMAPHORE SOUTH,1031.0,1050000.0,0.0,0.0,6.0,0.5819592628516004,0.0,0.0,25.0,2.424830261881668,17.0,1.6488845780795343,0.9991062701265616
SHEIDOW PARK,6731.0,942500.0,193.0,2.8673302629624127,98.0,1.4559500817114843,12.0,0.17827960184222255,86.0,1.2776704798692617,29.0,0.43084237111870444,0.998780877590235
SKYE,293.0,1940000.0,10.0,3.4129692832764507,18.0,6.143344709897611,0.0,0.0,29.0,9.897610921501707,4.0,1.3651877133105803,0.985078451700078
SMITHFIELD,2482.0,680000.0,26.0,1.04754230459307,6.0,0.24174053182917005,3.0,0.12087026591458502,31.0,1.248992747784045,10.0,0.40290088638195,0.9997107295005913
SMITHFIELD PLAINS,3305.0,535000.0,20.0,0.6051437216338881,10.0,0.30257186081694404,18.0,0.5446293494704992,17.0,0.5143721633888049,8.0,0.2420574886535552,0.9998922459666622
SOMERTON PARK,5811.0,2035000.0,49.0,0.8432283600068835,116.0,1.9962140767509895,16.0,0.2753398726553089,98.0,1.686456720013767,46.0,0.791602133884013,0.9991757513040338
SOUTH BRIGHTON,2763.0,1597500.0,24.0,0.8686210640608035,30.0,1.0857763300760044,5.0,0.18096272167933405,36.0,1.3029315960912053,11.0,0.39811798769453494,0.999617771102526
SOUTH PLYMPTON,4721.0,1205000.0,266.0,5.634399491633128,474.0,10.040245710654522,33.0,0.699004448210125,108.0,2.2876509214149543,101.0,2.1393772505825037,0.985714811946119
SPRINGFIELD,548.0,,15.0,2.737226277372263,41.0,7.481751824817519,7.0,1.2773722627737227,14.0,2.5547445255474455,18.0,3.2846715328467155,0.9917583515371091
ST AGNES,4233.0,891500.0,98.0,2.3151429246397357,63.0,1.48830616583983,5.0,0.11811953697141507,211.0,4.984644460193716,27.0,0.6378454996456413,0.9967157578494241
ST CLAIR,2634.0,1142000.0,161.0,6.112376613515566,193.0,7.327258921791952,134.0,5.087319665907366,79.0,2.999240698557327,31.0,1.1769172361427487,0.9872688728495828
ST GEORGES,1726.0,2280000.0,92.0,5.330243337195829,367.0,21.2630359212051,16.0,0.9269988412514484,40.0,2.317497103128621,36.0,2.085747392815759,0.9508891347518492
ST KILDA,88.0,,0.0,0.0,0.0,0.0,0.0,0.0,0.0,0.0,0.0,0.0,0.0
ST MARYS,3010.0,990000.0,193.0,6.411960132890365,105.0,3.488372093023256,24.0,0.7973421926910298,54.0,1.7940199335548173,68.0,2.259136212624585,0.9937760068873412
ST MORRIS,1598.0,1550000.0,30.0,1.877346683354193,117.0,7.321652065081352,11.0,0.688360450563204,157.0,9.824780976220275,33.0,2.065081351689612,0.9841604258138693
ST PETERS,3231.0,2530000.0,92.0,2.847415660786134,236.0,7.304240173320952,42.0,1.2999071494893222,188.0,5.818632002476014,102.0,3.1569173630454963,0.9893027935330525
STEPNEY,942.0,1432500.0,27.0,2.8662420382165608,29.0,3.0785562632696393,6.0,0.6369426751592357,57.0,6.050955414012739,19.0,2.0169851380042463,0.9941219161471504
STIRLING,3067.0,1830000.0,8.0,0.26084121291164003,34.0,1.1085751548744702,0.0,0.0,41.0,1.3368112161721553,12.0,0.39126181936746,0.9996762872948664
STONYFELL,1266.0,1675000.0,22.0,1.7377567140600316,180.0,14.218009478672986,13.0,1.0268562401263823,16.0,1.263823064770932,10.0,0.7898894154818324,0.9791552800301481
STURT,2787.0,920000.0,139.0,4.987441693577323,178.0,6.386795837818443,3.0,0.1076426264800861,49.0,1.7581628991747398,21.0,0.7534983853606028,0.9930663780747381
SUMMERTOWN,752.0,1371250.0,0.0,0.0,6.0,0.7978723404255319,0.0,0.0,8.0,1.0638297872340425,0.0,0.0,0.9998231665912177
SURREY DOWNS,3358.0,838500.0,18.0,0.5360333531864204,16.0,0.4764740917212627,6.0,0.1786777843954735,43.0,1.2805241215008933,15.0,0.44669446098868376,0.999761443696633
TAPEROO,3250.0,797750.0,7.0,0.21538461538461537,23.0,0.7076923076923077,21.0,0.6461538461538461,35.0,1.0769230769230769,14.0,0.43076923076923074,0.9997689940828403
TEA TREE GULLY,3499.0,950500.0,25.0,0.7144898542440697,27.0,0.7716490425835952,0.0,0.0,82.0,2.3435267219205485,12.0,0.3429551300371535,0.9993284326285687
TENNYSON,1137.0,1637000.0,23.0,2.0228671943711523,16.0,1.4072119613016711,21.0,1.8469656992084433,52.0,4.573438874230431,42.0,3.6939313984168867,0.9955955008203322
TERINGIE,831.0,1380000.0,5.0,0.601684717208183,53.0,6.377858002406739,9.0,1.083032490974729,69.0,8.303249097472925,13.0,1.5643802647412757,0.988639671223831
THEBARTON,1442.0,1170000.0,37.0,2.565880721220527,65.0,4.507628294036061,19.0,1.3176144244105408,31.0,2.1497919556171983,129.0,8.945908460471568,0.9886710551880287
THORNGATE,180.0,,15.0,8.333333333333332,0.0,0.0,10.0,5.555555555555555,8.0,4.444444444444445,20.0,11.11111111111111,0.9756481481481482
TONSLEY,743.0,820000.0,24.0,3.2301480484522207,51.0,6.864064602960969,9.0,1.2113055181695829,9.0,1.2113055181695829,3.0,0.4037685060565276,0.993935320958828
TOORAK GARDENS,2604.0,2850000.0,77.0,2.956989247311828,194.0,7.450076804915515,62.0,2.380952380952381,107.0,4.109062980030722,54.0,2.0737327188940093,0.9908898869988508
TORRENS PARK,2687.0,1387500.0,45.0,1.6747301823595087,115.0,4.279866021585412,11.0,0.40937848902121327,26.0,0.9676218831410495,51.0,1.8980275400074433,0.9974171634254939
TORRENSVILLE,4110.0,1045000.0,157.0,3.8199513381995134,192.0,4.671532846715328,36.0,0.8759124087591241,274.0,6.666666666666667,371.0,9.026763990267641,0.9836890617507592
TRANMERE,4136.0,1345067.0,117.0,2.8288201160541586,558.0,13.49129593810445,30.0,0.7253384912959381,495.0,11.96808510638298,70.0,1.6924564796905222,0.9663357124685266
TRINITY GARDENS,1264.0,1380000.0,14.0,1.1075949367088607,112.0,8.860759493670885,11.0,0.870253164556962,182.0,14.39873417721519,49.0,3.8765822784810124,0.9697151398013139
TROTT PARK,3124.0,921500.0,56.0,1.792573623559539,38.0,1.2163892445582587,3.0,0.09603072983354673,27.0,0.8642765685019207,15.0,0.4801536491677336,0.9994320333595099
TUSMORE,1503.0,2685000.0,41.0,2.7278775781769795,160.0,10.645375914836992,14.0,0.9314703925482368,75.0,4.990019960079841,25.0,1.66333998669328,0.9850700019344766
UNDERDALE,2429.0,1100000.0,148.0,6.093042404281598,156.0,6.422396047756278,24.0,0.9880609304240429,184.0,7.575133799917662,112.0,4.610951008645533,0.9842007877572376
UNLEY,3997.0,2100000.0,90.0,2.251688766574931,235.0,5.879409557167876,22.0,0.5504128096072054,174.0,4.353264948711534,176.0,4.403302476857643,0.9921719498280203
UNLEY PARK,1383.0,2950000.0,26.0,1.8799710773680405,55.0,3.976861894432393,4.0,0.28922631959508316,26.0,1.8799710773680405,55.0,3.976861894432393,0.9961216904577797
UPPER STURT,1005.0,,9.0,0.8955223880597015,9.0,0.8955223880597015,4.0,0.3980099502487562,6.0,0.5970149253731344,0.0,0.0,0.9997881240563352
URAIDLA,581.0,865000.0,3.0,0.5163511187607573,4.0,0.6884681583476765,0.0,0.0,12.0,2.0654044750430294,0.0,0.0,0.9994993497471568
URRBRAE,1070.0,1455000.0,21.0,1.9626168224299065,118.0,11.02803738317757,0.0,0.0,20.0,1.8691588785046727,11.0,1.0280373831775702,0.986997991090925
VALE PARK,2452.0,1562500.0,144.0,5.872756933115824,200.0,8.156606851549755,48.0,1.957585644371941,139.0,5.66884176182708,53.0,2.161500815660685,0.9858340496422004
VALLEY VIEW,6405.0,900000.0,438.0,6.838407494145199,168.0,2.622950819672131,50.0,0.78064012490242,194.0,3.02888368462139,63.0,0.9836065573770493,0.9935605294702312
VIRGINIA,2759.0,848000.0,21.0,0.7611453425154041,52.0,1.8847408481333816,248.0,8.98876404494382,110.0,3.9869517941283075,99.0,3.5882566147154766,0.9886299160505517
VISTA,1035.0,895000.0,11.0,1.0628019323671498,6.0,0.5797101449275363,0.0,0.0,19.0,1.8357487922705313,0.0,0.0,0.9995164414572102
WALKERVILLE,2867.0,2975000.0,101.0,3.5228461806766656,246.0,8.58039762818277,36.0,1.2556679455877224,101.0,3.5228461806766656,35.0,1.2207882804325079,0.9898488860101642
WALKLEY HEIGHTS,3513.0,1115000.0,244.0,6.9456305152291495,116.0,3.302021064617136,102.0,2.9035012809564473,84.0,2.391118701964133,19.0,0.5408482778252206,0.9926414588439717
WARRADALE,5801.0,1235000.0,164.0,2.827098776073091,273.0,4.706085157731425,21.0,0.3620065505947251,98.0,1.6893639027753835,38.0,0.6550594725047406,0.9966446172947314
WATERFALL GULLY,161.0,1900000.0,0.0,0.0,15.0,9.316770186335404,0.0,0.0,6.0,3.7267080745341614,4.0,2.484472049689441,0.9893136838856526
WATTLE PARK,1885.0,1998750.0,67.0,3.5543766578249336,319.0,16.923076923076923,4.0,0.21220159151193632,75.0,3.978779840848806,34.0,1.8037135278514589,0.9681846773001991
WAYVILLE,1922.0,1930000.0,82.0,4.266389177939646,95.0,4.94276795005203,17.0,0.8844953173777315,36.0,1.8730489073881373,45.0,2.3413111342351716,0.9947594586371074
WELLAND,881.0,1750500.0,24.0,2.724177071509648,25.0,2.837684449489217,12.0,1.362088535754824,74.0,8.39954597048808,96.0,10.896708286038592,0.9793380497087589
WEST BEACH,5175.0,1626000.0,89.0,1.7198067632850242,103.0,1.9903381642512077,13.0,0.25120772946859904,189.0,3.6521739130434785,153.0,2.9565217391304346,0.9970938318280473
WEST CROYDON,4242.0,1236000.0,89.0,2.098066949552098,107.0,2.5223950966525224,131.0,3.088165959453088,305.0,7.1900047147571895,241.0,5.681282413955682,0.9895725731393102
WEST HINDMARSH,1560.0,1195000.0,65.0,4.166666666666666,41.0,2.628205128205128,37.0,2.371794871794872,93.0,5.961538461538462,78.0,5.0,0.9909566074950691
WEST LAKES,6768.0,1350000.0,55.0,0.8126477541371158,212.0,3.1323877068557917,19.0,0.28073286052009455,367.0,5.4225768321513,169.0,2.4970449172576834,0.9953809367123272
WEST LAKES SHORE,3236.0,1355000.0,30.0,0.9270704573547589,57.0,1.761433868974042,21.0,0.6489493201483313,124.0,3.8318912237330034,60.0,1.8541409147095178,0.9977495526990088
WEST RICHMOND,1087.0,886000.0,104.0,9.567617295308189,47.0,4.323827046918123,8.0,0.7359705611775529,28.0,2.5758969641214353,54.0,4.967801287948482,0.9857909271485626
WESTBOURNE PARK,2564.0,2567500.0,38.0,1.4820592823712948,101.0,3.939157566302652,9.0,0.3510140405616225,52.0,2.02808112324493,63.0,2.4570982839313573,0.9972012882075345
WILLASTON,3458.0,720000.0,7.0,0.20242914979757085,23.0,0.6651243493348756,0.0,0.0,21.0,0.6072874493927125,6.0,0.1735106998264893,0.999911772803009
WILLUNGA,2445.0,961500.0,3.0,0.1226993865030675,0.0,0.0,0.0,0.0,18.0,0.7361963190184049,0.0,0.0,0.9999442959840416
WILLUNGA SOUTH,470.0,,0.0,0.0,0.0,0.0,0.0,0.0,3.0,0.6382978723404255,0.0,0.0,0.9999592575826166
WINDSOR GARDENS,5827.0,994500.0,561.0,9.627595675304617,478.0,8.203192037068817,55.0,0.9438819289514331,237.0,4.067273039299811,65.0,1.1154968251244206,0.9821339085676948
WINGFIELD,440.0,,0.0,0.0,43.0,9.772727272727273,89.0,20.227272727272727,3.0,0.6818181818181818,23.0,5.227272727272727,0.9467561983471074
WOODCROFT,11326.0,905000.0,186.0,1.642239095885573,93.0,0.8211195479427865,6.0,0.052975454705986226,87.0,0.7681440932368002,34.0,0.300194243333922,0.9995945845109424
WOODFORDE,1024.0,1179000.0,47.0,4.58984375,124.0,12.109375,4.0,0.390625,51.0,4.98046875,18.0,1.7578125,0.9804248809814453
WOODSIDE,2701.0,800000.0,10.0,0.37023324694557574,10.0,0.37023324694557574,7.0,0.259163272861903,23.0,0.8515364679748241,5.0,0.18511662347278787,0.9998899306563135
WOODVILLE,2180.0,1665500.0,94.0,4.3119266055045875,73.0,3.3486238532110093,82.0,3.761467889908257,184.0,8.440366972477065,64.0,2.9357798165137616,0.9876186768790506
WOODVILLE GARDENS,2412.0,1011000.0,180.0,7.462686567164178,201.0,8.333333333333332,488.0,20.23217247097844,28.0,1.1608623548922055,20.0,0.8291873963515755,0.9463487908715131
WOODVILLE NORTH,2721.0,900000.0,131.0,4.814406468210216,176.0,6.468210216832047,479.0,17.603822124219036,67.0,2.4623300257258363,62.0,2.278574053656744,0.9613834224694993
WOODVILLE PARK,1852.0,1050000.0,41.0,2.2138228941684663,57.0,3.077753779697624,90.0,4.859611231101512,167.0,9.017278617710584,52.0,2.8077753779697625,0.9872815682304811
WOODVILLE SOUTH,3464.0,1055000.0,158.0,4.5612009237875295,70.0,2.020785219399538,59.0,1.7032332563510393,228.0,6.581986143187067,102.0,2.9445727482678983,0.9920217819445407
WOODVILLE WEST,3854.0,1073000.0,227.0,5.889984431759212,82.0,2.127659574468085,60.0,1.5568240788790866,188.0,4.878048780487805,82.0,2.127659574468085,0.9930035151746587
WYNN VALE,7865.0,897000.0,85.0,1.080737444373808,142.0,1.8054672600127146,23.0,0.29243483788938335,156.0,1.9834710743801653,37.0,0.47043865225683407,0.99913313063865
YATALA VALE,260.0,,0.0,0.0,0.0,0.0,0.0,0.0,7.0,2.6923076923076925,0.0,0.0,0.9992751479289941
