Suburb,No_of_Crimes,Crime_Type_1,Crime_Type_2,Crime_Type_3
ADELAIDE,51536,THEFT AND RELATED OFFENCES,ACTS INTENDED TO CAUSE INJURY,PROPERTY DAMAGE AND ENVIRONMENTAL
MORPHETT VALE,10754,THEFT AND RELATED OFFENCES,PROPERTY DAMAGE AND ENVIRONMENTAL,ACTS INTENDED TO CAUSE INJURY
SALISBURY,10309,THEFT AND RELATED OFFENCES,ACTS INTENDED TO CAUSE INJURY,PROPERTY DAMAGE AND ENVIRONMENTAL
ELIZABETH,8975,THEFT AND RELATED OFFENCES,ACTS INTENDED TO CAUSE INJURY,PROPERTY DAMAGE AND ENVIRONMENTAL
OAKLANDS PARK,8562,THEFT AND RELATED OFFENCES,PROPERTY DAMAGE AND ENVIRONMENTAL,ACTS INTENDED TO CAUSE INJURY
PARALOWIE,6907,THEFT AND RELATED OFFENCES,ACTS INTENDED TO CAUSE INJURY,PROPERTY DAMAGE AND ENVIRONMENTAL
PROSPECT,6903,THEFT AND RELATED OFFENCES,SERIOUS CRIMINAL TRESPASS,PROPERTY DAMAGE AND ENVIRONMENTAL
SMITHFIELD,6646,THEFT AND RELATED OFFENCES,PROPERTY DAMAGE AND ENVIRONMENTAL,ACTS INTENDED TO CAUSE INJURY
MODBURY,6599,THEFT AND RELATED OFFENCES,ACTS INTENDED TO CAUSE INJURY,PROPERTY DAMAGE AND ENVIRONMENTAL
KILBURN,6458,THEFT AND RELATED OFFENCES,ACTS INTENDED TO CAUSE INJURY,PROPERTY DAMAGE AND ENVIRONMENTAL
DAVOREN PARK,6398,THEFT AND RELATED OFFENCES,ACTS INTENDED TO CAUSE INJURY,PROPERTY DAMAGE AND ENVIRONMENTAL
PARAFIELD GARDENS,6164,THEFT AND RELATED OFFENCES,ACTS INTENDED TO CAUSE INJURY,PROPERTY DAMAGE AND ENVIRONMENTAL
MAWSON LAKES,5861,THEFT AND RELATED OFFENCES,PROPERTY DAMAGE AND ENVIRONMENTAL,ACTS INTENDED TO CAUSE INJURY
SALISBURY DOWNS,5270,THEFT AND RELATED OFFENCES,ACTS INTENDED TO CAUSE INJURY,PROPERTY DAMAGE AND ENVIRONMENTAL
SALISBURY NORTH,5206,ACTS INTENDED TO CAUSE INJURY,THEFT AND RELATED OFFENCES,PROPERTY DAMAGE AND ENVIRONMENTAL
MUNNO PARA,5016,THEFT AND RELATED OFFENCES,PROPERTY DAMAGE AND ENVIRONMENTAL,ACTS INTENDED TO CAUSE INJURY
NORTH ADELAIDE,4884,THEFT AND RELATED OFFENCES,PROPERTY DAMAGE AND ENVIRONMENTAL,ACTS INTENDED TO CAUSE INJURY
BLAIR ATHOL,4869,THEFT AND RELATED OFFENCES,PROPERTY DAMAGE AND ENVIRONMENTAL,ACTS INTENDED TO CAUSE INJURY
PORT ADELAIDE,4814,THEFT AND RELATED OFFENCES,ACTS INTENDED TO CAUSE INJURY,PROPERTY DAMAGE AND ENVIRONMENTAL
WEST LAKES,4751,THEFT AND RELATED OFFENCES,PROPERTY DAMAGE AND ENVIRONMENTAL,ACTS INTENDED TO CAUSE INJURY
SEATON,4714,THEFT AND RELATED OFFENCES,PROPERTY DAMAGE AND ENVIRONMENTAL,ACTS INTENDED TO CAUSE INJURY
CHRISTIE DOWNS,4700,PROPERTY DAMAGE AND ENVIRONMENTAL,ACTS INTENDED TO CAUSE INJURY,THEFT AND RELATED OFFENCES
CHRISTIES BEACH,4509,THEFT AND RELATED OFFENCES,PROPERTY DAMAGE AND ENVIRONMENTAL,ACTS INTENDED TO CAUSE INJURY
INGLE FARM,4451,THEFT AND RELATED OFFENCES,PROPERTY DAMAGE AND ENVIRONMENTAL,ACTS INTENDED TO CAUSE INJURY
GLENELG,4422,THEFT AND RELATED OFFENCES,ACTS INTENDED TO CAUSE INJURY,PROPERTY DAMAGE AND ENVIRONMENTAL
ELIZABETH SOUTH,4386,THEFT AND RELATED OFFENCES,PROPERTY DAMAGE AND ENVIRONMENTAL,ACTS INTENDED TO CAUSE INJURY
FINDON,4335,THEFT AND RELATED OFFENCES,PROPERTY DAMAGE AND ENVIRONMENTAL,SERIOUS CRIMINAL TRESPASS
MOUNT BARKER,4297,THEFT AND RELATED OFFENCES,PROPERTY DAMAGE AND ENVIRONMENTAL,ACTS INTENDED TO CAUSE INJURY
POORAKA,4295,THEFT AND RELATED OFFENCES,PROPERTY DAMAGE AND ENVIRONMENTAL,ACTS INTENDED TO CAUSE INJURY
EDWARDSTOWN,4266,THEFT AND RELATED OFFENCES,PROPERTY DAMAGE AND ENVIRONMENTAL,ACTS INTENDED TO CAUSE INJURY
ELIZABETH DOWNS,4099,THEFT AND RELATED OFFENCES,ACTS INTENDED TO CAUSE INJURY,PROPERTY DAMAGE AND ENVIRONMENTAL
ELIZABETH VALE,4031,THEFT AND RELATED OFFENCES,ACTS INTENDED TO CAUSE INJURY,PROPERTY DAMAGE AND ENVIRONMENTAL
NORWOOD,3502,THEFT AND RELATED OFFENCES,PROPERTY DAMAGE AND ENVIRONMENTAL,SERIOUS CRIMINAL TRESPASS
BLAKEVIEW,3465,THEFT AND RELATED OFFENCES,PROPERTY DAMAGE AND ENVIRONMENTAL,ACTS INTENDED TO CAUSE INJURY
ELIZABETH EAST,3434,ACTS INTENDED TO CAUSE INJURY,THEFT AND RELATED OFFENCES,PROPERTY DAMAGE AND ENVIRONMENTAL
BROMPTON,3119,THEFT AND RELATED OFFENCES,PROPERTY DAMAGE AND ENVIRONMENTAL,ACTS INTENDED TO CAUSE INJURY
MILE END,3067,THEFT AND RELATED OFFENCES,PROPERTY DAMAGE AND ENVIRONMENTAL,SERIOUS CRIMINAL TRESPASS
SEAFORD,3046,THEFT AND RELATED OFFENCES,PROPERTY DAMAGE AND ENVIRONMENTAL,ACTS INTENDED TO CAUSE INJURY
ELIZABETH PARK,3037,THEFT AND RELATED OFFENCES,ACTS INTENDED TO CAUSE INJURY,PROPERTY DAMAGE AND ENVIRONMENTAL
ANDREWS FARM,2937,THEFT AND RELATED OFFENCES,PROPERTY DAMAGE AND ENVIRONMENTAL,ACTS INTENDED TO CAUSE INJURY
PARA HILLS,2933,THEFT AND RELATED OFFENCES,PROPERTY DAMAGE AND ENVIRONMENTAL,ACTS INTENDED TO CAUSE INJURY
ELIZABETH NORTH,2919,THEFT AND RELATED OFFENCES,ACTS INTENDED TO CAUSE INJURY,PROPERTY DAMAGE AND ENVIRONMENTAL
GOLDEN GROVE,2917,THEFT AND RELATED OFFENCES,ACTS INTENDED TO CAUSE INJURY,PROPERTY DAMAGE AND ENVIRONMENTAL
PLYMPTON,2917,THEFT AND RELATED OFFENCES,PROPERTY DAMAGE AND ENVIRONMENTAL,ACTS INTENDED TO CAUSE INJURY
ENFIELD,2905,THEFT AND RELATED OFFENCES,PROPERTY DAMAGE AND ENVIRONMENTAL,ACTS INTENDED TO CAUSE INJURY
CRAIGMORE,2821,THEFT AND RELATED OFFENCES,ACTS INTENDED TO CAUSE INJURY,PROPERTY DAMAGE AND ENVIRONMENTAL
PARA HILLS WEST,2712,THEFT AND RELATED OFFENCES,PROPERTY DAMAGE AND ENVIRONMENTAL,ACTS INTENDED TO CAUSE INJURY
MITCHELL PARK,2681,THEFT AND RELATED OFFENCES,PROPERTY DAMAGE AND ENVIRONMENTAL,ACTS INTENDED TO CAUSE INJURY
GEPPS CROSS,2663,THEFT AND RELATED OFFENCES,THEFT,ACTS INTENDED TO CAUSE INJURY
TAPEROO,2645,THEFT AND RELATED OFFENCES,ACTS INTENDED TO CAUSE INJURY,PROPERTY DAMAGE AND ENVIRONMENTAL
ALDINGA BEACH,2628,THEFT AND RELATED OFFENCES,PROPERTY DAMAGE AND ENVIRONMENTAL,ACTS INTENDED TO CAUSE INJURY
GILLES PLAINS,2623,THEFT AND RELATED OFFENCES,PROPERTY DAMAGE AND ENVIRONMENTAL,ACTS INTENDED TO CAUSE INJURY
SEMAPHORE PARK,2605,THEFT AND RELATED OFFENCES,PROPERTY DAMAGE AND ENVIRONMENTAL,ACTS INTENDED TO CAUSE INJURY
SALISBURY EAST,2576,THEFT AND RELATED OFFENCES,ACTS INTENDED TO CAUSE INJURY,PROPERTY DAMAGE AND ENVIRONMENTAL
ANGLE VALE,2574,THEFT AND RELATED OFFENCES,SERIOUS CRIMINAL TRESPASS,ACTS INTENDED TO CAUSE INJURY
SMITHFIELD PLAINS,2570,THEFT AND RELATED OFFENCES,ACTS INTENDED TO CAUSE INJURY,PROPERTY DAMAGE AND ENVIRONMENTAL
HILLBANK,2554,THEFT AND RELATED OFFENCES,PROPERTY DAMAGE AND ENVIRONMENTAL,THEFT
ROSEWATER,2516,THEFT AND RELATED OFFENCES,ACTS INTENDED TO CAUSE INJURY,SERIOUS CRIMINAL TRESPASS
CAMPBELLTOWN,2483,THEFT AND RELATED OFFENCES,PROPERTY DAMAGE AND ENVIRONMENTAL,ACTS INTENDED TO CAUSE INJURY
NORTHFIELD,2458,THEFT AND RELATED OFFENCES,ACTS INTENDED TO CAUSE INJURY,PROPERTY DAMAGE AND ENVIRONMENTAL
KILKENNY,2448,THEFT AND RELATED OFFENCES,ACTS INTENDED TO CAUSE INJURY,PROPERTY DAMAGE AND ENVIRONMENTAL
TORRENSVILLE,2444,THEFT AND RELATED OFFENCES,PROPERTY DAMAGE AND ENVIRONMENTAL,SERIOUS CRIMINAL TRESPASS
BURTON,2427,THEFT AND RELATED OFFENCES,PROPERTY DAMAGE AND ENVIRONMENTAL,ACTS INTENDED TO CAUSE INJURY
GREENACRES,2394,THEFT AND RELATED OFFENCES,PROPERTY DAMAGE AND ENVIRONMENTAL,ACTS INTENDED TO CAUSE INJURY
KLEMZIG,2317,THEFT AND RELATED OFFENCES,PROPERTY DAMAGE AND ENVIRONMENTAL,ACTS INTENDED TO CAUSE INJURY
CLEARVIEW,2250,THEFT AND RELATED OFFENCES,PROPERTY DAMAGE AND ENVIRONMENTAL,SERIOUS CRIMINAL TRESPASS
GAWLER,2238,THEFT AND RELATED OFFENCES,PROPERTY DAMAGE AND ENVIRONMENTAL,ACTS INTENDED TO CAUSE INJURY
BRIGHTON,2233,THEFT AND RELATED OFFENCES,PROPERTY DAMAGE AND ENVIRONMENTAL,SERIOUS CRIMINAL TRESPASS
PENNINGTON,2219,THEFT AND RELATED OFFENCES,PROPERTY DAMAGE AND ENVIRONMENTAL,ACTS INTENDED TO CAUSE INJURY
HINDMARSH,2206,THEFT AND RELATED OFFENCES,PROPERTY DAMAGE AND ENVIRONMENTAL,THEFT
NEWTON,2190,THEFT AND RELATED OFFENCES,PROPERTY DAMAGE AND ENVIRONMENTAL,THEFT
WINDSOR GARDENS,2103,THEFT AND RELATED OFFENCES,ACTS INTENDED TO CAUSE INJURY,PROPERTY DAMAGE AND ENVIRONMENTAL
OLD REYNELLA,2079,THEFT AND RELATED OFFENCES,PROPERTY DAMAGE AND ENVIRONMENTAL,ACTS INTENDED TO CAUSE INJURY
HENLEY BEACH,2063,THEFT AND RELATED OFFENCES,ACTS INTENDED TO CAUSE INJURY,PROPERTY DAMAGE AND ENVIRONMENTAL
ST MARYS,2043,THEFT AND RELATED OFFENCES,SERIOUS CRIMINAL TRESPASS,THEFT
BROOKLYN PARK,2041,THEFT AND RELATED OFFENCES,PROPERTY DAMAGE AND ENVIRONMENTAL,ACTS INTENDED TO CAUSE INJURY
HACKHAM WEST,2007,ACTS INTENDED TO CAUSE INJURY,PROPERTY DAMAGE AND ENVIRONMENTAL,THEFT AND RELATED OFFENCES
GLENELG NORTH,1998,THEFT AND RELATED OFFENCES,PROPERTY DAMAGE AND ENVIRONMENTAL,SERIOUS CRIMINAL TRESPASS
LARGS BAY,1960,THEFT AND RELATED OFFENCES,PROPERTY DAMAGE AND ENVIRONMENTAL,ACTS INTENDED TO CAUSE INJURY
WOODVILLE SOUTH,1936,THEFT AND RELATED OFFENCES,ACTS INTENDED TO CAUSE INJURY,PROPERTY DAMAGE AND ENVIRONMENTAL
UNLEY,1936,THEFT AND RELATED OFFENCES,PROPERTY DAMAGE AND ENVIRONMENTAL,SERIOUS CRIMINAL TRESPASS
HOLDEN HILL,1929,THEFT AND RELATED OFFENCES,PROPERTY DAMAGE AND ENVIRONMENTAL,ACTS INTENDED TO CAUSE INJURY
ELIZABETH GROVE,1894,PROPERTY DAMAGE AND ENVIRONMENTAL,ACTS INTENDED TO CAUSE INJURY,THEFT AND RELATED OFFENCES
CROYDON PARK,1886,THEFT AND RELATED OFFENCES,PROPERTY DAMAGE AND ENVIRONMENTAL,ACTS INTENDED TO CAUSE INJURY
MUNNO PARA WEST,1883,ACTS INTENDED TO CAUSE INJURY,THEFT AND RELATED OFFENCES,PROPERTY DAMAGE AND ENVIRONMENTAL
ABERFOYLE PARK,1857,THEFT AND RELATED OFFENCES,PROPERTY DAMAGE AND ENVIRONMENTAL,ACTS INTENDED TO CAUSE INJURY
BROADVIEW,1849,THEFT AND RELATED OFFENCES,SERIOUS CRIMINAL TRESPASS,PROPERTY DAMAGE AND ENVIRONMENTAL
PARADISE,1838,THEFT AND RELATED OFFENCES,PROPERTY DAMAGE AND ENVIRONMENTAL,ACTS INTENDED TO CAUSE INJURY
VALLEY VIEW,1828,THEFT AND RELATED OFFENCES,PROPERTY DAMAGE AND ENVIRONMENTAL,ACTS INTENDED TO CAUSE INJURY
ST CLAIR,1822,THEFT AND RELATED OFFENCES,PROPERTY DAMAGE AND ENVIRONMENTAL,SERIOUS CRIMINAL TRESPASS
MANSFIELD PARK,1802,THEFT AND RELATED OFFENCES,PROPERTY DAMAGE AND ENVIRONMENTAL,ACTS INTENDED TO CAUSE INJURY
KURRALTA PARK,1791,THEFT AND RELATED OFFENCES,PROPERTY DAMAGE AND ENVIRONMENTAL,ACTS INTENDED TO CAUSE INJURY
GLENSIDE,1783,THEFT AND RELATED OFFENCES,ACTS INTENDED TO CAUSE INJURY,SERIOUS CRIMINAL TRESPASS
PARK HOLME,1773,THEFT AND RELATED OFFENCES,PROPERTY DAMAGE AND ENVIRONMENTAL,ACTS INTENDED TO CAUSE INJURY
HALLETT COVE,1772,THEFT AND RELATED OFFENCES,PROPERTY DAMAGE AND ENVIRONMENTAL,ACTS INTENDED TO CAUSE INJURY
WEST CROYDON,1763,THEFT AND RELATED OFFENCES,PROPERTY DAMAGE AND ENVIRONMENTAL,SERIOUS CRIMINAL TRESPASS
EVANSTON,1747,THEFT AND RELATED OFFENCES,PROPERTY DAMAGE AND ENVIRONMENTAL,ACTS INTENDED TO CAUSE INJURY
FERRYDEN PARK,1745,THEFT AND RELATED OFFENCES,PROPERTY DAMAGE AND ENVIRONMENTAL,ACTS INTENDED TO CAUSE INJURY
LIGHTSVIEW,1725,THEFT AND RELATED OFFENCES,PROPERTY DAMAGE AND ENVIRONMENTAL,SERIOUS CRIMINAL TRESPASS
RIDLEYTON,1714,THEFT AND RELATED OFFENCES,THEFT,PROPERTY DAMAGE AND ENVIRONMENTAL
SEAFORD MEADOWS,1695,PROPERTY DAMAGE AND ENVIRONMENTAL,THEFT AND RELATED OFFENCES,ACTS INTENDED TO CAUSE INJURY
WOODVILLE,1691,THEFT AND RELATED OFFENCES,PROPERTY DAMAGE AND ENVIRONMENTAL,ACTS INTENDED TO CAUSE INJURY
MARION,1690,THEFT AND RELATED OFFENCES,PROPERTY DAMAGE AND ENVIRONMENTAL,SERIOUS CRIMINAL TRESPASS
PARKSIDE,1673,THEFT AND RELATED OFFENCES,PROPERTY DAMAGE AND ENVIRONMENTAL,SERIOUS CRIMINAL TRESPASS
HOPE VALLEY,1637,THEFT AND RELATED OFFENCES,PROPERTY DAMAGE AND ENVIRONMENTAL,ACTS INTENDED TO CAUSE INJURY
WOODCROFT,1630,THEFT AND RELATED OFFENCES,PROPERTY DAMAGE AND ENVIRONMENTAL,ACTS INTENDED TO CAUSE INJURY
HILLCREST,1620,THEFT AND RELATED OFFENCES,PROPERTY DAMAGE AND ENVIRONMENTAL,ACTS INTENDED TO CAUSE INJURY
NOARLUNGA DOWNS,1620,THEFT AND RELATED OFFENCES,PROPERTY DAMAGE AND ENVIRONMENTAL,ACTS INTENDED TO CAUSE INJURY
ROYAL PARK,1613,THEFT AND RELATED OFFENCES,PROPERTY DAMAGE AND ENVIRONMENTAL,ACTS INTENDED TO CAUSE INJURY
GLANDORE,1586,THEFT AND RELATED OFFENCES,PROPERTY DAMAGE AND ENVIRONMENTAL,SERIOUS CRIMINAL TRESPASS
WOODVILLE WEST,1583,THEFT AND RELATED OFFENCES,PROPERTY DAMAGE AND ENVIRONMENTAL,ACTS INTENDED TO CAUSE INJURY
GRANGE,1558,THEFT AND RELATED OFFENCES,PROPERTY DAMAGE AND ENVIRONMENTAL,SERIOUS CRIMINAL TRESPASS
MAGILL,1553,THEFT AND RELATED OFFENCES,PROPERTY DAMAGE AND ENVIRONMENTAL,SERIOUS CRIMINAL TRESPASS
ANGLE PARK,1552,THEFT AND RELATED OFFENCES,ACTS INTENDED TO CAUSE INJURY,PROPERTY DAMAGE AND ENVIRONMENTAL
FULLARTON,1551,THEFT AND RELATED OFFENCES,PROPERTY DAMAGE AND ENVIRONMENTAL,SERIOUS CRIMINAL TRESPASS
ASCOT PARK,1539,THEFT AND RELATED OFFENCES,PROPERTY DAMAGE AND ENVIRONMENTAL,SERIOUS CRIMINAL TRESPASS
SOUTH PLYMPTON,1531,THEFT AND RELATED OFFENCES,PROPERTY DAMAGE AND ENVIRONMENTAL,SERIOUS CRIMINAL TRESPASS
BRAHMA LODGE,1530,THEFT AND RELATED OFFENCES,ACTS INTENDED TO CAUSE INJURY,PROPERTY DAMAGE AND ENVIRONMENTAL
WOODVILLE NORTH,1529,THEFT AND RELATED OFFENCES,PROPERTY DAMAGE AND ENVIRONMENTAL,SERIOUS CRIMINAL TRESPASS
HACKHAM,1513,THEFT AND RELATED OFFENCES,PROPERTY DAMAGE AND ENVIRONMENTAL,ACTS INTENDED TO CAUSE INJURY
WALKERVILLE,1500,THEFT AND RELATED OFFENCES,PROPERTY DAMAGE AND ENVIRONMENTAL,SERIOUS CRIMINAL TRESPASS
FLINDERS PARK,1495,THEFT AND RELATED OFFENCES,PROPERTY DAMAGE AND ENVIRONMENTAL,SERIOUS CRIMINAL TRESPASS
HUNTFIELD HEIGHTS,1476,PROPERTY DAMAGE AND ENVIRONMENTAL,ACTS INTENDED TO CAUSE INJURY,THEFT AND RELATED OFFENCES
WEST BEACH,1471,THEFT AND RELATED OFFENCES,PROPERTY DAMAGE AND ENVIRONMENTAL,ACTS INTENDED TO CAUSE INJURY
HILTON,1458,THEFT AND RELATED OFFENCES,THEFT,PROPERTY DAMAGE AND ENVIRONMENTAL
SEMAPHORE,1451,THEFT AND RELATED OFFENCES,ACTS INTENDED TO CAUSE INJURY,PROPERTY DAMAGE AND ENVIRONMENTAL
SEAFORD RISE,1448,PROPERTY DAMAGE AND ENVIRONMENTAL,ACTS INTENDED TO CAUSE INJURY,THEFT AND RELATED OFFENCES
BOWDEN,1445,THEFT AND RELATED OFFENCES,PROPERTY DAMAGE AND ENVIRONMENTAL,SERIOUS CRIMINAL TRESPASS
WAYVILLE,1444,THEFT AND RELATED OFFENCES,THEFT,SERIOUS CRIMINAL TRESPASS
KENT TOWN,1427,THEFT AND RELATED OFFENCES,PROPERTY DAMAGE AND ENVIRONMENTAL,SERIOUS CRIMINAL TRESPASS
MODBURY NORTH,1411,THEFT AND RELATED OFFENCES,PROPERTY DAMAGE AND ENVIRONMENTAL,ACTS INTENDED TO CAUSE INJURY
WINGFIELD,1410,THEFT AND RELATED OFFENCES,PROPERTY DAMAGE AND ENVIRONMENTAL,SERIOUS CRIMINAL TRESPASS
PLYMPTON PARK,1407,THEFT AND RELATED OFFENCES,PROPERTY DAMAGE AND ENVIRONMENTAL,ACTS INTENDED TO CAUSE INJURY
CAMDEN PARK,1390,THEFT AND RELATED OFFENCES,PROPERTY DAMAGE AND ENVIRONMENTAL,SERIOUS CRIMINAL TRESPASS
HAPPY VALLEY,1377,THEFT AND RELATED OFFENCES,PROPERTY DAMAGE AND ENVIRONMENTAL,ACTS INTENDED TO CAUSE INJURY
MORPHETTVILLE,1372,THEFT AND RELATED OFFENCES,PROPERTY DAMAGE AND ENVIRONMENTAL,ACTS INTENDED TO CAUSE INJURY
WARRADALE,1369,THEFT AND RELATED OFFENCES,PROPERTY DAMAGE AND ENVIRONMENTAL,SERIOUS CRIMINAL TRESPASS
ALBERTON,1344,THEFT AND RELATED OFFENCES,ACTS INTENDED TO CAUSE INJURY,PROPERTY DAMAGE AND ENVIRONMENTAL
GLENGOWRIE,1341,THEFT AND RELATED OFFENCES,PROPERTY DAMAGE AND ENVIRONMENTAL,SERIOUS CRIMINAL TRESPASS
REYNELLA,1339,THEFT AND RELATED OFFENCES,PROPERTY DAMAGE AND ENVIRONMENTAL,ACTS INTENDED TO CAUSE INJURY
FULHAM GARDENS,1314,THEFT AND RELATED OFFENCES,SERIOUS CRIMINAL TRESPASS,PROPERTY DAMAGE AND ENVIRONMENTAL
SOMERTON PARK,1312,THEFT AND RELATED OFFENCES,PROPERTY DAMAGE AND ENVIRONMENTAL,SERIOUS CRIMINAL TRESPASS
NORTH HAVEN,1311,THEFT AND RELATED OFFENCES,PROPERTY DAMAGE AND ENVIRONMENTAL,ACTS INTENDED TO CAUSE INJURY
VIRGINIA,1293,THEFT AND RELATED OFFENCES,SERIOUS CRIMINAL TRESPASS,PROPERTY DAMAGE AND ENVIRONMENTAL
ST AGNES,1274,THEFT AND RELATED OFFENCES,PROPERTY DAMAGE AND ENVIRONMENTAL,ACTS INTENDED TO CAUSE INJURY
WOODVILLE GARDENS,1265,THEFT AND RELATED OFFENCES,PROPERTY DAMAGE AND ENVIRONMENTAL,ACTS INTENDED TO CAUSE INJURY
BEDFORD PARK,1248,THEFT AND RELATED OFFENCES,ACTS INTENDED TO CAUSE INJURY,PROPERTY DAMAGE AND ENVIRONMENTAL
WOODVILLE PARK,1231,THEFT AND RELATED OFFENCES,PROPERTY DAMAGE AND ENVIRONMENTAL,SERIOUS CRIMINAL TRESPASS
THEBARTON,1223,THEFT AND RELATED OFFENCES,PROPERTY DAMAGE AND ENVIRONMENTAL,SERIOUS CRIMINAL TRESPASS
GREENWITH,1208,THEFT AND RELATED OFFENCES,ACTS INTENDED TO CAUSE INJURY,PROPERTY DAMAGE AND ENVIRONMENTAL
RICHMOND,1182,THEFT AND RELATED OFFENCES,SERIOUS CRIMINAL TRESPASS,PROPERTY DAMAGE AND ENVIRONMENTAL
FULHAM,1181,THEFT AND RELATED OFFENCES,PROPERTY DAMAGE AND ENVIRONMENTAL,SERIOUS CRIMINAL TRESPASS
GLENELG EAST,1174,THEFT AND RELATED OFFENCES,PROPERTY DAMAGE AND ENVIRONMENTAL,SERIOUS CRIMINAL TRESPASS
DRY CREEK,1174,THEFT AND RELATED OFFENCES,PROPERTY DAMAGE AND ENVIRONMENTAL,SERIOUS CRIMINAL TRESPASS
OTTOWAY,1158,THEFT AND RELATED OFFENCES,ACTS INTENDED TO CAUSE INJURY,PROPERTY DAMAGE AND ENVIRONMENTAL
GOODWOOD,1154,THEFT AND RELATED OFFENCES,SERIOUS CRIMINAL TRESPASS,PROPERTY DAMAGE AND ENVIRONMENTAL
HECTORVILLE,1138,THEFT AND RELATED OFFENCES,PROPERTY DAMAGE AND ENVIRONMENTAL,ACTS INTENDED TO CAUSE INJURY
WILLASTON,1136,THEFT AND RELATED OFFENCES,PROPERTY DAMAGE AND ENVIRONMENTAL,ACTS INTENDED TO CAUSE INJURY
UNDERDALE,1129,THEFT AND RELATED OFFENCES,PROPERTY DAMAGE AND ENVIRONMENTAL,SERIOUS CRIMINAL TRESPASS
SEACOMBE GARDENS,1126,PROPERTY DAMAGE AND ENVIRONMENTAL,THEFT AND RELATED OFFENCES,ACTS INTENDED TO CAUSE INJURY
LARGS NORTH,1115,THEFT AND RELATED OFFENCES,PROPERTY DAMAGE AND ENVIRONMENTAL,ACTS INTENDED TO CAUSE INJURY
PETERHEAD,1096,THEFT AND RELATED OFFENCES,THEFT,ACTS INTENDED TO CAUSE INJURY
PORT NOARLUNGA,1086,THEFT AND RELATED OFFENCES,PROPERTY DAMAGE AND ENVIRONMENTAL,ACTS INTENDED TO CAUSE INJURY
GAWLER EAST,1084,THEFT AND RELATED OFFENCES,PROPERTY DAMAGE AND ENVIRONMENTAL,ACTS INTENDED TO CAUSE INJURY
STURT,1073,PROPERTY DAMAGE AND ENVIRONMENTAL,THEFT AND RELATED OFFENCES,ACTS INTENDED TO CAUSE INJURY
RENOWN PARK,1071,THEFT AND RELATED OFFENCES,PROPERTY DAMAGE AND ENVIRONMENTAL,SERIOUS CRIMINAL TRESPASS
CUMBERLAND PARK,1071,THEFT AND RELATED OFFENCES,PROPERTY DAMAGE AND ENVIRONMENTAL,SERIOUS CRIMINAL TRESPASS
GAWLER SOUTH,1061,PROPERTY DAMAGE AND ENVIRONMENTAL,THEFT AND RELATED OFFENCES,ACTS INTENDED TO CAUSE INJURY
SURREY DOWNS,1058,THEFT AND RELATED OFFENCES,ACTS INTENDED TO CAUSE INJURY,PROPERTY DAMAGE AND ENVIRONMENTAL
SALISBURY PLAIN,1057,THEFT AND RELATED OFFENCES,ACTS INTENDED TO CAUSE INJURY,PROPERTY DAMAGE AND ENVIRONMENTAL
SHEIDOW PARK,1054,THEFT AND RELATED OFFENCES,PROPERTY DAMAGE AND ENVIRONMENTAL,ACTS INTENDED TO CAUSE INJURY
WYNN VALE,1053,THEFT AND RELATED OFFENCES,ACTS INTENDED TO CAUSE INJURY,PROPERTY DAMAGE AND ENVIRONMENTAL
SALISBURY PARK,1041,THEFT AND RELATED OFFENCES,ACTS INTENDED TO CAUSE INJURY,PROPERTY DAMAGE AND ENVIRONMENTAL
CLOVELLY PARK,1031,THEFT AND RELATED OFFENCES,SERIOUS CRIMINAL TRESPASS,ACTS INTENDED TO CAUSE INJURY
RIDGEHAVEN,1026,THEFT AND RELATED OFFENCES,PROPERTY DAMAGE AND ENVIRONMENTAL,ACTS INTENDED TO CAUSE INJURY
ATHOL PARK,1024,THEFT AND RELATED OFFENCES,PROPERTY DAMAGE AND ENVIRONMENTAL,SERIOUS CRIMINAL TRESPASS
PARA VISTA,1022,THEFT AND RELATED OFFENCES,ACTS INTENDED TO CAUSE INJURY,PROPERTY DAMAGE AND ENVIRONMENTAL
ROSTREVOR,1019,THEFT AND RELATED OFFENCES,PROPERTY DAMAGE AND ENVIRONMENTAL,SERIOUS CRIMINAL TRESPASS
NOVAR GARDENS,1003,THEFT AND RELATED OFFENCES,PROPERTY DAMAGE AND ENVIRONMENTAL,SERIOUS CRIMINAL TRESPASS
MODBURY HEIGHTS,1002,THEFT AND RELATED OFFENCES,PROPERTY DAMAGE AND ENVIRONMENTAL,ACTS INTENDED TO CAUSE INJURY
CLARENCE PARK,982,THEFT AND RELATED OFFENCES,PROPERTY DAMAGE AND ENVIRONMENTAL,SERIOUS CRIMINAL TRESPASS
WELLAND,982,THEFT AND RELATED OFFENCES,THEFT,SERIOUS CRIMINAL TRESPASS
MARDEN,979,THEFT AND RELATED OFFENCES,PROPERTY DAMAGE AND ENVIRONMENTAL,SERIOUS CRIMINAL TRESPASS
ST PETERS,977,THEFT AND RELATED OFFENCES,SERIOUS CRIMINAL TRESPASS,PROPERTY DAMAGE AND ENVIRONMENTAL
LOCKLEYS,977,THEFT AND RELATED OFFENCES,PROPERTY DAMAGE AND ENVIRONMENTAL,SERIOUS CRIMINAL TRESPASS
ATHELSTONE,976,THEFT AND RELATED OFFENCES,PROPERTY DAMAGE AND ENVIRONMENTAL,ACTS INTENDED TO CAUSE INJURY
SEFTON PARK,976,THEFT AND RELATED OFFENCES,ACTS INTENDED TO CAUSE INJURY,PROPERTY DAMAGE AND ENVIRONMENTAL
PASADENA,964,THEFT AND RELATED OFFENCES,ACTS INTENDED TO CAUSE INJURY,PROPERTY DAMAGE AND ENVIRONMENTAL
GILBERTON,959,THEFT AND RELATED OFFENCES,PROPERTY DAMAGE AND ENVIRONMENTAL,SERIOUS CRIMINAL TRESPASS
OAKDEN,952,THEFT AND RELATED OFFENCES,ACTS INTENDED TO CAUSE INJURY,PROPERTY DAMAGE AND ENVIRONMENTAL
GLEN OSMOND,950,THEFT AND RELATED OFFENCES,PROPERTY DAMAGE AND ENVIRONMENTAL,SERIOUS CRIMINAL TRESPASS
DERNANCOURT,947,THEFT AND RELATED OFFENCES,SERIOUS CRIMINAL TRESPASS,PROPERTY DAMAGE AND ENVIRONMENTAL
TRANMERE,934,THEFT AND RELATED OFFENCES,SERIOUS CRIMINAL TRESPASS,PROPERTY DAMAGE AND ENVIRONMENTAL
MELROSE PARK,934,THEFT AND RELATED OFFENCES,SERIOUS CRIMINAL TRESPASS,PROPERTY DAMAGE AND ENVIRONMENTAL
EVANSTON PARK,934,THEFT AND RELATED OFFENCES,PROPERTY DAMAGE AND ENVIRONMENTAL,ACTS INTENDED TO CAUSE INJURY
OLD NOARLUNGA,929,THEFT AND RELATED OFFENCES,PROPERTY DAMAGE AND ENVIRONMENTAL,ACTS INTENDED TO CAUSE INJURY
NAILSWORTH,922,THEFT AND RELATED OFFENCES,PROPERTY DAMAGE AND ENVIRONMENTAL,SERIOUS CRIMINAL TRESPASS
GLENUNGA,905,THEFT AND RELATED OFFENCES,SERIOUS CRIMINAL TRESPASS,PROPERTY DAMAGE AND ENVIRONMENTAL
EVANSTON GARDENS,900,THEFT AND RELATED OFFENCES,ACTS INTENDED TO CAUSE INJURY,PROPERTY DAMAGE AND ENVIRONMENTAL
BEVERLEY,883,THEFT AND RELATED OFFENCES,PROPERTY DAMAGE AND ENVIRONMENTAL,SERIOUS CRIMINAL TRESPASS
HIGHBURY,880,THEFT AND RELATED OFFENCES,SERIOUS CRIMINAL TRESPASS,PROPERTY DAMAGE AND ENVIRONMENTAL
KIDMAN PARK,875,THEFT AND RELATED OFFENCES,PROPERTY DAMAGE AND ENVIRONMENTAL,ACTS INTENDED TO CAUSE INJURY
OSBORNE,870,THEFT AND RELATED OFFENCES,PROPERTY DAMAGE AND ENVIRONMENTAL,ACTS INTENDED TO CAUSE INJURY
DEVON PARK,868,THEFT AND RELATED OFFENCES,PROPERTY DAMAGE AND ENVIRONMENTAL,SERIOUS CRIMINAL TRESPASS
O'HALLORAN HILL,866,THEFT AND RELATED OFFENCES,ACTS INTENDED TO CAUSE INJURY,PROPERTY DAMAGE AND ENVIRONMENTAL
HENLEY BEACH SOUTH,860,THEFT AND RELATED OFFENCES,PROPERTY DAMAGE AND ENVIRONMENTAL,ACTS INTENDED TO CAUSE INJURY
SALISBURY HEIGHTS,845,THEFT AND RELATED OFFENCES,ACTS INTENDED TO CAUSE INJURY,PROPERTY DAMAGE AND ENVIRONMENTAL
EXETER,836,THEFT AND RELATED OFFENCES,ACTS INTENDED TO CAUSE INJURY,PROPERTY DAMAGE AND ENVIRONMENTAL
DARLINGTON,832,THEFT AND RELATED OFFENCES,ACTS INTENDED TO CAUSE INJURY,PROPERTY DAMAGE AND ENVIRONMENTAL
MCLAREN VALE,826,THEFT AND RELATED OFFENCES,PROPERTY DAMAGE AND ENVIRONMENTAL,SERIOUS CRIMINAL TRESPASS
BLACKWOOD,826,THEFT AND RELATED OFFENCES,PROPERTY DAMAGE AND ENVIRONMENTAL,SERIOUS CRIMINAL TRESPASS
WEST LAKES SHORE,820,THEFT AND RELATED OFFENCES,SERIOUS CRIMINAL TRESPASS,PROPERTY DAMAGE AND ENVIRONMENTAL
FLAGSTAFF HILL,803,THEFT AND RELATED OFFENCES,PROPERTY DAMAGE AND ENVIRONMENTAL,ACTS INTENDED TO CAUSE INJURY
DOVER GARDENS,802,ACTS INTENDED TO CAUSE INJURY,PROPERTY DAMAGE AND ENVIRONMENTAL,THEFT AND RELATED OFFENCES
HACKNEY,796,THEFT AND RELATED OFFENCES,THEFT,SERIOUS CRIMINAL TRESPASS
SEAVIEW DOWNS,796,THEFT AND RELATED OFFENCES,PROPERTY DAMAGE AND ENVIRONMENTAL,ACTS INTENDED TO CAUSE INJURY
FELIXSTOW,792,THEFT AND RELATED OFFENCES,PROPERTY DAMAGE AND ENVIRONMENTAL,SERIOUS CRIMINAL TRESPASS
EYRE,791,THEFT AND RELATED OFFENCES,SERIOUS CRIMINAL TRESPASS,THEFT
ALDINGA,767,THEFT AND RELATED OFFENCES,PROPERTY DAMAGE AND ENVIRONMENTAL,ACTS INTENDED TO CAUSE INJURY
O'SULLIVAN BEACH,764,PROPERTY DAMAGE AND ENVIRONMENTAL,THEFT AND RELATED OFFENCES,ACTS INTENDED TO CAUSE INJURY
CHELTENHAM,753,THEFT AND RELATED OFFENCES,PROPERTY DAMAGE AND ENVIRONMENTAL,SERIOUS CRIMINAL TRESPASS
OVINGHAM,733,THEFT AND RELATED OFFENCES,PROPERTY DAMAGE AND ENVIRONMENTAL,SERIOUS CRIMINAL TRESPASS
STEPNEY,715,THEFT AND RELATED OFFENCES,SERIOUS CRIMINAL TRESPASS,PROPERTY DAMAGE AND ENVIRONMENTAL
BELAIR,712,PROPERTY DAMAGE AND ENVIRONMENTAL,THEFT AND RELATED OFFENCES,ACTS INTENDED TO CAUSE INJURY
REDWOOD PARK,710,THEFT AND RELATED OFFENCES,PROPERTY DAMAGE AND ENVIRONMENTAL,ACTS INTENDED TO CAUSE INJURY
TORRENS PARK,709,THEFT AND RELATED OFFENCES,PROPERTY DAMAGE AND ENVIRONMENTAL,SERIOUS CRIMINAL TRESPASS
NORTH PLYMPTON,700,THEFT AND RELATED OFFENCES,PROPERTY DAMAGE AND ENVIRONMENTAL,SERIOUS CRIMINAL TRESPASS
MARLESTON,699,THEFT AND RELATED OFFENCES,PROPERTY DAMAGE AND ENVIRONMENTAL,SERIOUS CRIMINAL TRESPASS
HAWTHORN,693,THEFT AND RELATED OFFENCES,PROPERTY DAMAGE AND ENVIRONMENTAL,SERIOUS CRIMINAL TRESPASS
BIRKENHEAD,692,PROPERTY DAMAGE AND ENVIRONMENTAL,ACTS INTENDED TO CAUSE INJURY,THEFT AND RELATED OFFENCES
MALVERN,689,THEFT AND RELATED OFFENCES,SERIOUS CRIMINAL TRESPASS,PROPERTY DAMAGE AND ENVIRONMENTAL
KINGSWOOD,688,THEFT AND RELATED OFFENCES,PROPERTY DAMAGE AND ENVIRONMENTAL,SERIOUS CRIMINAL TRESPASS
WALKLEY HEIGHTS,680,THEFT AND RELATED OFFENCES,PROPERTY DAMAGE AND ENVIRONMENTAL,SERIOUS CRIMINAL TRESPASS
QUEENSTOWN,666,THEFT AND RELATED OFFENCES,PROPERTY DAMAGE AND ENVIRONMENTAL,ACTS INTENDED TO CAUSE INJURY
GLENELG SOUTH,661,THEFT AND RELATED OFFENCES,PROPERTY DAMAGE AND ENVIRONMENTAL,SERIOUS CRIMINAL TRESPASS
NORTHGATE,657,THEFT AND RELATED OFFENCES,PROPERTY DAMAGE AND ENVIRONMENTAL,ACTS INTENDED TO CAUSE INJURY
PORT NOARLUNGA SOUTH,639,THEFT AND RELATED OFFENCES,PROPERTY DAMAGE AND ENVIRONMENTAL,ACTS INTENDED TO CAUSE INJURY
FIRLE,639,THEFT AND RELATED OFFENCES,THEFT,ACTS INTENDED TO CAUSE INJURY
NORTH BRIGHTON,637,THEFT AND RELATED OFFENCES,PROPERTY DAMAGE AND ENVIRONMENTAL,ACTS INTENDED TO CAUSE INJURY
HOVE,634,THEFT AND RELATED OFFENCES,PROPERTY DAMAGE AND ENVIRONMENTAL,SERIOUS CRIMINAL TRESPASS
CROYDON,627,THEFT AND RELATED OFFENCES,PROPERTY DAMAGE AND ENVIRONMENTAL,SERIOUS CRIMINAL TRESPASS
SEACLIFF PARK,626,THEFT AND RELATED OFFENCES,ACTS INTENDED TO CAUSE INJURY,PROPERTY DAMAGE AND ENVIRONMENTAL
ALBERT PARK,625,THEFT AND RELATED OFFENCES,PROPERTY DAMAGE AND ENVIRONMENTAL,ACTS INTENDED TO CAUSE INJURY
TEA TREE GULLY,620,THEFT AND RELATED OFFENCES,ACTS INTENDED TO CAUSE INJURY,PROPERTY DAMAGE AND ENVIRONMENTAL
BLACK FOREST,617,THEFT AND RELATED OFFENCES,PROPERTY DAMAGE AND ENVIRONMENTAL,SERIOUS CRIMINAL TRESPASS
MOANA,605,THEFT AND RELATED OFFENCES,PROPERTY DAMAGE AND ENVIRONMENTAL,ACTS INTENDED TO CAUSE INJURY
EASTWOOD,596,THEFT AND RELATED OFFENCES,SERIOUS CRIMINAL TRESPASS,PROPERTY DAMAGE AND ENVIRONMENTAL
GULFVIEW HEIGHTS,589,THEFT AND RELATED OFFENCES,PROPERTY DAMAGE AND ENVIRONMENTAL,ACTS INTENDED TO CAUSE INJURY
ALLENBY GARDENS,589,THEFT AND RELATED OFFENCES,PROPERTY DAMAGE AND ENVIRONMENTAL,SERIOUS CRIMINAL TRESPASS
HENDON,586,THEFT AND RELATED OFFENCES,PROPERTY DAMAGE AND ENVIRONMENTAL,ACTS INTENDED TO CAUSE INJURY
CLARENCE GARDENS,581,THEFT AND RELATED OFFENCES,PROPERTY DAMAGE AND ENVIRONMENTAL,SERIOUS CRIMINAL TRESPASS
GLYNDE,579,THEFT AND RELATED OFFENCES,SERIOUS CRIMINAL TRESPASS,PROPERTY DAMAGE AND ENVIRONMENTAL
REGENCY PARK,578,THEFT AND RELATED OFFENCES,SERIOUS CRIMINAL TRESPASS,PROPERTY DAMAGE AND ENVIRONMENTAL
WEST RICHMOND,577,THEFT AND RELATED OFFENCES,ACTS INTENDED TO CAUSE INJURY,PROPERTY DAMAGE AND ENVIRONMENTAL
SOUTH BRIGHTON,564,THEFT AND RELATED OFFENCES,PROPERTY DAMAGE AND ENVIRONMENTAL,ACTS INTENDED TO CAUSE INJURY
WEST HINDMARSH,564,THEFT AND RELATED OFFENCES,PROPERTY DAMAGE AND ENVIRONMENTAL,SERIOUS CRIMINAL TRESPASS
STIRLING,560,THEFT AND RELATED OFFENCES,PROPERTY DAMAGE AND ENVIRONMENTAL,SERIOUS CRIMINAL TRESPASS
DIREK,558,THEFT AND RELATED OFFENCES,PROPERTY DAMAGE AND ENVIRONMENTAL,THEFT
KENSINGTON,549,THEFT AND RELATED OFFENCES,PROPERTY DAMAGE AND ENVIRONMENTAL,SERIOUS CRIMINAL TRESPASS
SEACLIFF,545,THEFT AND RELATED OFFENCES,PROPERTY DAMAGE AND ENVIRONMENTAL,SERIOUS CRIMINAL TRESPASS
ETHELTON,542,THEFT AND RELATED OFFENCES,PROPERTY DAMAGE AND ENVIRONMENTAL,SERIOUS CRIMINAL TRESPASS
KESWICK,541,THEFT AND RELATED OFFENCES,PROPERTY DAMAGE AND ENVIRONMENTAL,SERIOUS CRIMINAL TRESPASS
VALE PARK,536,THEFT AND RELATED OFFENCES,SERIOUS CRIMINAL TRESPASS,PROPERTY DAMAGE AND ENVIRONMENTAL
FREWVILLE,532,THEFT AND RELATED OFFENCES,PROPERTY DAMAGE AND ENVIRONMENTAL,SERIOUS CRIMINAL TRESPASS
HAMPSTEAD GARDENS,528,THEFT AND RELATED OFFENCES,SERIOUS CRIMINAL TRESPASS,PROPERTY DAMAGE AND ENVIRONMENTAL
COLLINSWOOD,525,THEFT AND RELATED OFFENCES,PROPERTY DAMAGE AND ENVIRONMENTAL,SERIOUS CRIMINAL TRESPASS
FAIRVIEW PARK,508,THEFT AND RELATED OFFENCES,ACTS INTENDED TO CAUSE INJURY,PROPERTY DAMAGE AND ENVIRONMENTAL
LINDEN PARK,508,THEFT AND RELATED OFFENCES,SERIOUS CRIMINAL TRESPASS,PROPERTY DAMAGE AND ENVIRONMENTAL
DAW PARK,504,THEFT AND RELATED OFFENCES,ACTS INTENDED TO CAUSE INJURY,SERIOUS CRIMINAL TRESPASS
TRINITY GARDENS,497,THEFT AND RELATED OFFENCES,SERIOUS CRIMINAL TRESPASS,PROPERTY DAMAGE AND ENVIRONMENTAL
TOORAK GARDENS,494,THEFT AND RELATED OFFENCES,SERIOUS CRIMINAL TRESPASS,PROPERTY DAMAGE AND ENVIRONMENTAL
GAWLER WEST,493,PROPERTY DAMAGE AND ENVIRONMENTAL,ACTS INTENDED TO CAUSE INJURY,THEFT AND RELATED OFFENCES
TONSLEY,493,THEFT AND RELATED OFFENCES,PROPERTY DAMAGE AND ENVIRONMENTAL,SERIOUS CRIMINAL TRESPASS
THORNGATE,490,THEFT AND RELATED OFFENCES,THEFT,SERIOUS CRIMINAL TRESPASS
PAYNEHAM,487,THEFT AND RELATED OFFENCES,SERIOUS CRIMINAL TRESPASS,PROPERTY DAMAGE AND ENVIRONMENTAL
EDEN HILLS,479,PROPERTY DAMAGE AND ENVIRONMENTAL,THEFT AND RELATED OFFENCES,ACTS INTENDED TO CAUSE INJURY
PANORAMA,478,THEFT AND RELATED OFFENCES,PROPERTY DAMAGE AND ENVIRONMENTAL,SERIOUS CRIMINAL TRESPASS
NAIRNE,477,ACTS INTENDED TO CAUSE INJURY,THEFT AND RELATED OFFENCES,PROPERTY DAMAGE AND ENVIRONMENTAL
EVANDALE,475,THEFT AND RELATED OFFENCES,SERIOUS CRIMINAL TRESPASS,PROPERTY DAMAGE AND ENVIRONMENTAL
BANKSIA PARK,471,THEFT AND RELATED OFFENCES,ACTS INTENDED TO CAUSE INJURY,PROPERTY DAMAGE AND ENVIRONMENTAL
COWANDILLA,463,THEFT AND RELATED OFFENCES,PROPERTY DAMAGE AND ENVIRONMENTAL,ACTS INTENDED TO CAUSE INJURY
SELLICKS BEACH,455,ACTS INTENDED TO CAUSE INJURY,THEFT AND RELATED OFFENCES,PROPERTY DAMAGE AND ENVIRONMENTAL
NEW PORT,448,THEFT AND RELATED OFFENCES,SERIOUS CRIMINAL TRESPASS,THEFT
MYRTLE BANK,447,THEFT AND RELATED OFFENCES,SERIOUS CRIMINAL TRESPASS,PROPERTY DAMAGE AND ENVIRONMENTAL
COLONEL LIGHT GARDENS,446,THEFT AND RELATED OFFENCES,PROPERTY DAMAGE AND ENVIRONMENTAL,SERIOUS CRIMINAL TRESPASS
DUDLEY PARK,445,THEFT AND RELATED OFFENCES,ACTS INTENDED TO CAUSE INJURY,PROPERTY DAMAGE AND ENVIRONMENTAL
MILLSWOOD,441,THEFT AND RELATED OFFENCES,PROPERTY DAMAGE AND ENVIRONMENTAL,SERIOUS CRIMINAL TRESPASS
FORESTVILLE,438,THEFT AND RELATED OFFENCES,PROPERTY DAMAGE AND ENVIRONMENTAL,SERIOUS CRIMINAL TRESPASS
MAYLANDS,435,THEFT AND RELATED OFFENCES,PROPERTY DAMAGE AND ENVIRONMENTAL,SERIOUS CRIMINAL TRESPASS
HYDE PARK,431,THEFT AND RELATED OFFENCES,SERIOUS CRIMINAL TRESPASS,PROPERTY DAMAGE AND ENVIRONMENTAL
PORT WILLUNGA,430,THEFT AND RELATED OFFENCES,SERIOUS CRIMINAL TRESPASS,PROPERTY DAMAGE AND ENVIRONMENTAL
WESTBOURNE PARK,426,THEFT AND RELATED OFFENCES,SERIOUS CRIMINAL TRESPASS,PROPERTY DAMAGE AND ENVIRONMENTAL
MEDINDIE,424,THEFT AND RELATED OFFENCES,SERIOUS CRIMINAL TRESPASS,PROPERTY DAMAGE AND ENVIRONMENTAL
EVERARD PARK,418,THEFT AND RELATED OFFENCES,SERIOUS CRIMINAL TRESPASS,PROPERTY DAMAGE AND ENVIRONMENTAL
ASHFORD,412,THEFT AND RELATED OFFENCES,PROPERTY DAMAGE AND ENVIRONMENTAL,SERIOUS CRIMINAL TRESPASS
WILLUNGA,389,THEFT AND RELATED OFFENCES,PROPERTY DAMAGE AND ENVIRONMENTAL,ACTS INTENDED TO CAUSE INJURY
SEMAPHORE SOUTH,386,THEFT AND RELATED OFFENCES,PROPERTY DAMAGE AND ENVIRONMENTAL,SERIOUS CRIMINAL TRESPASS
GLANVILLE,382,THEFT AND RELATED OFFENCES,PROPERTY DAMAGE AND ENVIRONMENTAL,ACTS INTENDED TO CAUSE INJURY
BURNSIDE,378,THEFT AND RELATED OFFENCES,PROPERTY DAMAGE AND ENVIRONMENTAL,SERIOUS CRIMINAL TRESPASS
KENSINGTON PARK,376,THEFT AND RELATED OFFENCES,SERIOUS CRIMINAL TRESPASS,PROPERTY DAMAGE AND ENVIRONMENTAL
NETLEY,368,THEFT AND RELATED OFFENCES,PROPERTY DAMAGE AND ENVIRONMENTAL,ACTS INTENDED TO CAUSE INJURY
KENSINGTON GARDENS,360,THEFT AND RELATED OFFENCES,PROPERTY DAMAGE AND ENVIRONMENTAL,SERIOUS CRIMINAL TRESPASS
BEAUMONT,360,THEFT AND RELATED OFFENCES,SERIOUS CRIMINAL TRESPASS,PROPERTY DAMAGE AND ENVIRONMENTAL
ROSE PARK,359,THEFT AND RELATED OFFENCES,SERIOUS CRIMINAL TRESPASS,PROPERTY DAMAGE AND ENVIRONMENTAL
LITTLEHAMPTON,354,THEFT AND RELATED OFFENCES,ACTS INTENDED TO CAUSE INJURY,PROPERTY DAMAGE AND ENVIRONMENTAL
REYNELLA EAST,352,THEFT AND RELATED OFFENCES,ACTS INTENDED TO CAUSE INJURY,PROPERTY DAMAGE AND ENVIRONMENTAL
DULWICH,351,THEFT AND RELATED OFFENCES,PROPERTY DAMAGE AND ENVIRONMENTAL,SERIOUS CRIMINAL TRESPASS
GREEN FIELDS,350,THEFT AND RELATED OFFENCES,PROPERTY DAMAGE AND ENVIRONMENTAL,SERIOUS CRIMINAL TRESPASS
HAHNDORF,348,THEFT AND RELATED OFFENCES,PROPERTY DAMAGE AND ENVIRONMENTAL,ACTS INTENDED TO CAUSE INJURY
PAYNEHAM SOUTH,348,THEFT AND RELATED OFFENCES,ACTS INTENDED TO CAUSE INJURY,PROPERTY DAMAGE AND ENVIRONMENTAL
MARINO,328,THEFT AND RELATED OFFENCES,PROPERTY DAMAGE AND ENVIRONMENTAL,SERIOUS CRIMINAL TRESPASS
ALDGATE,316,THEFT AND RELATED OFFENCES,PROPERTY DAMAGE AND ENVIRONMENTAL,SERIOUS CRIMINAL TRESPASS
MITCHAM,314,THEFT AND RELATED OFFENCES,PROPERTY DAMAGE AND ENVIRONMENTAL,SERIOUS CRIMINAL TRESPASS
ROYSTON PARK,313,THEFT AND RELATED OFFENCES,SERIOUS CRIMINAL TRESPASS,PROPERTY DAMAGE AND ENVIRONMENTAL
GILLMAN,306,THEFT AND RELATED OFFENCES,PROPERTY DAMAGE AND ENVIRONMENTAL,SERIOUS CRIMINAL TRESPASS
ONKAPARINGA HILLS,304,THEFT AND RELATED OFFENCES,PROPERTY DAMAGE AND ENVIRONMENTAL,SERIOUS CRIMINAL TRESPASS
HAZELWOOD PARK,294,THEFT AND RELATED OFFENCES,PROPERTY DAMAGE AND ENVIRONMENTAL,SERIOUS CRIMINAL TRESPASS
UNLEY PARK,289,THEFT AND RELATED OFFENCES,SERIOUS CRIMINAL TRESPASS,PROPERTY DAMAGE AND ENVIRONMENTAL
BEULAH PARK,287,THEFT AND RELATED OFFENCES,SERIOUS CRIMINAL TRESPASS,PROPERTY DAMAGE AND ENVIRONMENTAL
BRIDGEWATER,285,THEFT AND RELATED OFFENCES,ACTS INTENDED TO CAUSE INJURY,PROPERTY DAMAGE AND ENVIRONMENTAL
NETHERBY,281,THEFT AND RELATED OFFENCES,SERIOUS CRIMINAL TRESPASS,PROPERTY DAMAGE AND ENVIRONMENTAL
TENNYSON,281,THEFT AND RELATED OFFENCES,SERIOUS CRIMINAL TRESPASS,PROPERTY DAMAGE AND ENVIRONMENTAL
TROTT PARK,280,ACTS INTENDED TO CAUSE INJURY,THEFT AND RELATED OFFENCES,PROPERTY DAMAGE AND ENVIRONMENTAL
WOODSIDE,276,THEFT AND RELATED OFFENCES,PROPERTY DAMAGE AND ENVIRONMENTAL,ACTS INTENDED TO CAUSE INJURY
SEAFORD HEIGHTS,273,THEFT AND RELATED OFFENCES,PROPERTY DAMAGE AND ENVIRONMENTAL,SERIOUS CRIMINAL TRESPASS
ST MORRIS,267,THEFT AND RELATED OFFENCES,PROPERTY DAMAGE AND ENVIRONMENTAL,SERIOUS CRIMINAL TRESPASS
CRAFERS,266,THEFT AND RELATED OFFENCES,SERIOUS CRIMINAL TRESPASS,PROPERTY DAMAGE AND ENVIRONMENTAL
MANNINGHAM,265,THEFT AND RELATED OFFENCES,SERIOUS CRIMINAL TRESPASS,PROPERTY DAMAGE AND ENVIRONMENTAL
LOWER MITCHAM,258,THEFT AND RELATED OFFENCES,PROPERTY DAMAGE AND ENVIRONMENTAL,SERIOUS CRIMINAL TRESPASS
SEACOMBE HEIGHTS,255,THEFT AND RELATED OFFENCES,PROPERTY DAMAGE AND ENVIRONMENTAL,SERIOUS CRIMINAL TRESPASS
HIGHGATE,250,THEFT AND RELATED OFFENCES,SERIOUS CRIMINAL TRESPASS,PROPERTY DAMAGE AND ENVIRONMENTAL
CLAPHAM,237,THEFT AND RELATED OFFENCES,SERIOUS CRIMINAL TRESPASS,PROPERTY DAMAGE AND ENVIRONMENTAL
COROMANDEL VALLEY,232,THEFT AND RELATED OFFENCES,ACTS INTENDED TO CAUSE INJURY,SERIOUS CRIMINAL TRESPASS
LOBETHAL,231,ACTS INTENDED TO CAUSE INJURY,THEFT AND RELATED OFFENCES,PROPERTY DAMAGE AND ENVIRONMENTAL
COLLEGE PARK,221,THEFT AND RELATED OFFENCES,SERIOUS CRIMINAL TRESPASS,PROPERTY DAMAGE AND ENVIRONMENTAL
LEABROOK,220,THEFT AND RELATED OFFENCES,SERIOUS CRIMINAL TRESPASS,PROPERTY DAMAGE AND ENVIRONMENTAL
HAWTHORNDENE,219,PROPERTY DAMAGE AND ENVIRONMENTAL,THEFT AND RELATED OFFENCES,ACTS INTENDED TO CAUSE INJURY
TUSMORE,215,THEFT AND RELATED OFFENCES,SERIOUS CRIMINAL TRESPASS,PROPERTY DAMAGE AND ENVIRONMENTAL
BALHANNAH,213,THEFT AND RELATED OFFENCES,PROPERTY DAMAGE AND ENVIRONMENTAL,ACTS INTENDED TO CAUSE INJURY
EVANSTON SOUTH,208,THEFT AND RELATED OFFENCES,PROPERTY DAMAGE AND ENVIRONMENTAL,SERIOUS CRIMINAL TRESPASS
MUNNO PARA DOWNS,206,THEFT AND RELATED OFFENCES,SERIOUS CRIMINAL TRESPASS,THEFT
ST GEORGES,204,THEFT AND RELATED OFFENCES,SERIOUS CRIMINAL TRESPASS,PROPERTY DAMAGE AND ENVIRONMENTAL
MEADOWS,203,THEFT AND RELATED OFFENCES,ACTS INTENDED TO CAUSE INJURY,PROPERTY DAMAGE AND ENVIRONMENTAL
CRAIGBURN FARM,199,THEFT AND RELATED OFFENCES,SERIOUS CRIMINAL TRESPASS,ACTS INTENDED TO CAUSE INJURY
WOODFORDE,198,THEFT AND RELATED OFFENCES,PROPERTY DAMAGE AND ENVIRONMENTAL,SERIOUS CRIMINAL TRESPASS
BELLEVUE HEIGHTS,197,PROPERTY DAMAGE AND ENVIRONMENTAL,THEFT AND RELATED OFFENCES,ACTS INTENDED TO CAUSE INJURY
MASLIN BEACH,196,ACTS INTENDED TO CAUSE INJURY,THEFT AND RELATED OFFENCES,PROPERTY DAMAGE AND ENVIRONMENTAL
WATTLE PARK,195,THEFT AND RELATED OFFENCES,SERIOUS CRIMINAL TRESPASS,PROPERTY DAMAGE AND ENVIRONMENTAL
JOSLIN,193,THEFT AND RELATED OFFENCES,SERIOUS CRIMINAL TRESPASS,PROPERTY DAMAGE AND ENVIRONMENTAL
KINGSTON PARK,188,THEFT AND RELATED OFFENCES,PROPERTY DAMAGE AND ENVIRONMENTAL,ACTS INTENDED TO CAUSE INJURY
BIRDWOOD,187,THEFT AND RELATED OFFENCES,PROPERTY DAMAGE AND ENVIRONMENTAL,ACTS INTENDED TO CAUSE INJURY
ERINDALE,178,THEFT AND RELATED OFFENCES,SERIOUS CRIMINAL TRESPASS,PROPERTY DAMAGE AND ENVIRONMENTAL
HILLIER,172,THEFT AND RELATED OFFENCES,PROPERTY DAMAGE AND ENVIRONMENTAL,SERIOUS CRIMINAL TRESPASS
ONE TREE HILL,165,THEFT AND RELATED OFFENCES,PROPERTY DAMAGE AND ENVIRONMENTAL,ACTS INTENDED TO CAUSE INJURY
KINGS PARK,162,THEFT AND RELATED OFFENCES,SERIOUS CRIMINAL TRESPASS,PROPERTY DAMAGE AND ENVIRONMENTAL
RIVERLEA PARK,159,THEFT AND RELATED OFFENCES,SERIOUS CRIMINAL TRESPASS,ACTS INTENDED TO CAUSE INJURY
MARRYATVILLE,155,THEFT AND RELATED OFFENCES,PROPERTY DAMAGE AND ENVIRONMENTAL,SERIOUS CRIMINAL TRESPASS
ROSSLYN PARK,147,SERIOUS CRIMINAL TRESPASS,THEFT AND RELATED OFFENCES,PROPERTY DAMAGE AND ENVIRONMENTAL
FITZROY,143,THEFT AND RELATED OFFENCES,SERIOUS CRIMINAL TRESPASS,PROPERTY DAMAGE AND ENVIRONMENTAL
URRBRAE,140,THEFT AND RELATED OFFENCES,SERIOUS CRIMINAL TRESPASS,PROPERTY DAMAGE AND ENVIRONMENTAL
GLENALTA,137,THEFT AND RELATED OFFENCES,ACTS INTENDED TO CAUSE INJURY,SERIOUS CRIMINAL TRESPASS
VISTA,129,THEFT AND RELATED OFFENCES,PROPERTY DAMAGE AND ENVIRONMENTAL,ACTS INTENDED TO CAUSE INJURY
MACCLESFIELD,129,ACTS INTENDED TO CAUSE INJURY,THEFT AND RELATED OFFENCES,PROPERTY DAMAGE AND ENVIRONMENTAL
KERSBROOK,127,THEFT AND RELATED OFFENCES,SERIOUS CRIMINAL TRESPASS,ACTS INTENDED TO CAUSE INJURY
ST KILDA,125,THEFT AND RELATED OFFENCES,PROPERTY DAMAGE AND ENVIRONMENTAL,ACTS INTENDED TO CAUSE INJURY
CLARENDON,124,PROPERTY DAMAGE AND ENVIRONMENTAL,SERIOUS CRIMINAL TRESPASS,THEFT AND RELATED OFFENCES
HEATHFIELD,123,THEFT AND RELATED OFFENCES,PROPERTY DAMAGE AND ENVIRONMENTAL,ACTS INTENDED TO CAUSE INJURY
STONYFELL,120,THEFT AND RELATED OFFENCES,SERIOUS CRIMINAL TRESPASS,PROPERTY DAMAGE AND ENVIRONMENTAL
CALLINGTON,116,ACTS INTENDED TO CAUSE INJURY,THEFT AND RELATED OFFENCES,PROPERTY DAMAGE AND ENVIRONMENTAL
KANGARILLA,109,THEFT AND RELATED OFFENCES,ACTS INTENDED TO CAUSE INJURY,PROPERTY DAMAGE AND ENVIRONMENTAL
MCLAREN FLAT,101,THEFT AND RELATED OFFENCES,PROPERTY DAMAGE AND ENVIRONMENTAL,SERIOUS CRIMINAL TRESPASS
SPRINGFIELD,101,SERIOUS CRIMINAL TRESPASS,THEFT AND RELATED OFFENCES,PROPERTY DAMAGE AND ENVIRONMENTAL
UPPER STURT,95,PROPERTY DAMAGE AND ENVIRONMENTAL,ACTS INTENDED TO CAUSE INJURY,SERIOUS CRIMINAL TRESPASS
HEATHPOOL,94,THEFT AND RELATED OFFENCES,SERIOUS CRIMINAL TRESPASS,PROPERTY DAMAGE AND ENVIRONMENTAL
ECHUNGA,91,SERIOUS CRIMINAL TRESPASS,THEFT AND RELATED OFFENCES,PROPERTY DAMAGE AND ENVIRONMENTAL
CRAFERS WEST,91,THEFT AND RELATED OFFENCES,PROPERTY DAMAGE AND ENVIRONMENTAL,SERIOUS CRIMINAL TRESPASS
GUMERACHA,88,THEFT AND RELATED OFFENCES,PROPERTY DAMAGE AND ENVIRONMENTAL,SERIOUS CRIMINAL TRESPASS
MYLOR,83,THEFT AND RELATED OFFENCES,ACTS INTENDED TO CAUSE INJURY,PROPERTY DAMAGE AND ENVIRONMENTAL
KANMANTOO,79,ACTS INTENDED TO CAUSE INJURY,THEFT AND RELATED OFFENCES,SERIOUS CRIMINAL TRESPASS
MEDINDIE GARDENS,69,THEFT AND RELATED OFFENCES,SERIOUS CRIMINAL TRESPASS,PROPERTY DAMAGE AND ENVIRONMENTAL
OAKBANK,68,ACTS INTENDED TO CAUSE INJURY,THEFT AND RELATED OFFENCES,FRAUD DECEPTION AND RELATED OFFENCES
TERINGIE,68,THEFT AND RELATED OFFENCES,ACTS INTENDED TO CAUSE INJURY,PROPERTY DAMAGE
AULDANA,68,THEFT AND RELATED OFFENCES,SERIOUS CRIMINAL TRESPASS,ACTS INTENDED TO CAUSE INJURY
LEAWOOD GARDENS,64,SERIOUS CRIMINAL TRESPASS,THEFT AND RELATED OFFENCES,PROPERTY DAMAGE AND ENVIRONMENTAL
REID,59,PROPERTY DAMAGE AND ENVIRONMENTAL,ACTS INTENDED TO CAUSE INJURY,THEFT AND RELATED OFFENCES
SUMMERTOWN,57,SERIOUS CRIMINAL TRESPASS,THEFT,ACTS INTENDED TO CAUSE INJURY
MOUNT OSMOND,56,PROPERTY DAMAGE AND ENVIRONMENTAL,SERIOUS CRIMINAL TRESPASS,ACTS INTENDED TO CAUSE INJURY
WILLUNGA SOUTH,56,SERIOUS CRIMINAL TRESPASS,THEFT AND RELATED OFFENCES,PROPERTY DAMAGE AND ENVIRONMENTAL
MOUNT TORRENS,55,ACTS INTENDED TO CAUSE INJURY,PROPERTY DAMAGE AND ENVIRONMENTAL,THEFT AND RELATED OFFENCES
CHANDLERS HILL,49,ACTS INTENDED TO CAUSE INJURY,THEFT AND RELATED OFFENCES,SERIOUS CRIMINAL TRESPASS
LYNTON,49,ACTS INTENDED TO CAUSE INJURY,THEFT AND RELATED OFFENCES,PROPERTY DAMAGE AND ENVIRONMENTAL
BASKET RANGE,47,PROPERTY DAMAGE AND ENVIRONMENTAL,ACTS INTENDED TO CAUSE INJURY,THEFT AND RELATED OFFENCES
INGLEWOOD,46,SERIOUS CRIMINAL TRESPASS,PROPERTY DAMAGE AND ENVIRONMENTAL,THEFT AND RELATED OFFENCES
URAIDLA,45,PROPERTY DAMAGE AND ENVIRONMENTAL,ACTS INTENDED TO CAUSE INJURY,SERIOUS CRIMINAL TRESPASS
ASHTON,43,SERIOUS CRIMINAL TRESPASS,THEFT AND RELATED OFFENCES,PROPERTY DAMAGE AND ENVIRONMENTAL
LENSWOOD,42,THEFT AND RELATED OFFENCES,SERIOUS CRIMINAL TRESPASS,PROPERTY DAMAGE AND ENVIRONMENTAL
NORTON SUMMIT,40,SERIOUS CRIMINAL TRESPASS,THEFT AND RELATED OFFENCES,PROPERTY DAMAGE AND ENVIRONMENTAL
ONKAPARINGA HEIGHTS,39,ACTS INTENDED TO CAUSE INJURY,PROPERTY DAMAGE AND ENVIRONMENTAL,THEFT AND RELATED OFFENCES
YATALA VALE,38,THEFT AND RELATED OFFENCES,SERIOUS CRIMINAL TRESPASS,ACTS INTENDED TO CAUSE INJURY
SKYE,34,SERIOUS CRIMINAL TRESPASS,THEFT AND RELATED OFFENCES,PROPERTY DAMAGE AND ENVIRONMENTAL
CAREY GULLY,34,ACTS INTENDED TO CAUSE INJURY,THEFT AND RELATED OFFENCES,SERIOUS CRIMINAL TRESPASS
GREENHILL,31,THEFT AND RELATED OFFENCES,SERIOUS CRIMINAL TRESPASS,PROPERTY DAMAGE AND ENVIRONMENTAL
WATERFALL GULLY,25,THEFT AND RELATED OFFENCES,PROPERTY DAMAGE AND ENVIRONMENTAL,ACTS INTENDED TO CAUSE INJURY
PICCADILLY,25,SERIOUS CRIMINAL TRESPASS,PROPERTY DAMAGE AND ENVIRONMENTAL,THEFT AND RELATED OFFENCES
MONTACUTE,25,ACTS INTENDED TO CAUSE INJURY,THEFT AND RELATED OFFENCES,PROPERTY DAMAGE AND ENVIRONMENTAL
SCOTT CREEK,24,SERIOUS CRIMINAL TRESPASS,THEFT AND RELATED OFFENCES,PROPERTY DAMAGE AND ENVIRONMENTAL
IRONBANK,24,FRAUD DECEPTION AND RELATED OFFENCES,PROPERTY DAMAGE AND ENVIRONMENTAL,ACTS INTENDED TO CAUSE INJURY
FOREST RANGE,22,ACTS INTENDED TO CAUSE INJURY,OTHER OFFENCES AGAINST THE PERSON,PROPERTY DAMAGE AND ENVIRONMENTAL
MOUNT GEORGE,19,THEFT AND RELATED OFFENCES,PROPERTY DAMAGE AND ENVIRONMENTAL,SERIOUS CRIMINAL TRESPASS
CHARLESTON,16,ACTS INTENDED TO CAUSE INJURY,PROPERTY DAMAGE AND ENVIRONMENTAL,FRAUD DECEPTION AND RELATED OFFENCES
BRADBURY,15,THEFT AND RELATED OFFENCES,FRAUD DECEPTION AND RELATED OFFENCES,ACTS INTENDED TO CAUSE INJURY
LONGWOOD,12,SERIOUS CRIMINAL TRESPASS,ACTS INTENDED TO CAUSE INJURY,OTHER OFFENCES AGAINST THE PERSON
CHERRYVILLE,5,ACTS INTENDED TO CAUSE INJURY,THEFT AND RELATED OFFENCES,FRAUD AND RELATED OFFENCES
MARBLE HILL,2,SERIOUS CRIMINAL TRESPASS,ASSAULT,ACTS INTENDED TO CAUSE INJURY
